Customer_ID,First_Name,Last_Name,Email,Phone,Address
PYI68J04,Alice,Williams,9SVGG@mail.com,+13757669919,435 Oak St
4GW8BYOC,David,Johnson,6FPO4@mail.com,+15172785669,714 Pine St
C06PFHD2,Jane,Brown,DLOQA@mail.com,+13031880184,920 Main St
LAOX2GQA,Jane,Williams,2Y8W4@mail.com,+17425328366,184 Pine St
VH6EFJQR,Alice,Brown,WNOQB@mail.com,+12117363458,658 Pine St
BTAFA5VH,David,Williams,6NDMF@mail.com,+13164216090,737 Main St
CCOJO556,Charlie,Davis,2V490@mail.com,+13523399739,847 Pine St
RE9Z2U7L,Alice,Davis,2A1B8@mail.com,+18500934544,194 Pine St
IH6B55QV,John,Johnson,T5GX9@mail.com,+16305286877,450 Pine St
V912YX8S,Charlie,Davis,DKSQ8@mail.com,+17298190177,290 Oak St
WNTMY87D,Charlie,Brown,G5IAT@mail.com,+19826338525,148 Oak St
1YWB8S85,Charlie,Johnson,MOEBX@mail.com,+12300025247,980 Oak St
HIGYAT5M,Jane,Brown,CLIWY@mail.com,+11131248754,999 Pine St
IA4LIM17,David,Smith,BZR71@mail.com,+11669351428,264 Main St
BS5I3GLN,Bob,Williams,S51DT@mail.com,+12003538077,585 Oak St
FY0R3GNT,David,Smith,BRHCS@mail.com,+17827104871,536 Pine St
01QVUL3O,David,Smith,V3B2M@mail.com,+14571576853,773 Pine St
Y1OQD7XG,Bob,Williams,XS1JN@mail.com,+13624895022,305 Oak St
KVS0YR7T,Alice,Davis,7OZ8V@mail.com,+19728620063,658 Main St
L8VOY9U2,Charlie,Smith,PX9C6@mail.com,+12715306568,872 Oak St
YKTEGSJS,David,Davis,A1GKR@mail.com,+19600762068,336 Pine St
J1OT82S0,Charlie,Brown,P8KUF@mail.com,+17478361118,519 Pine St
J3JPQULV,Jane,Johnson,0Y5PO@mail.com,+12652126998,169 Oak St
7XL2U30T,John,Johnson,08SHU@mail.com,+15944545181,416 Pine St
KAT8DIJ8,John,Williams,KPZTL@mail.com,+17975348448,346 Oak St
XB9AFEM1,David,Williams,4YZZC@mail.com,+14726064165,396 Oak St
03GCUM0B,John,Smith,P9G20@mail.com,+14615091970,100 Main St
VLP8C1UP,David,Johnson,XXZYW@mail.com,+14092229286,876 Main St
NZHAOZEY,Bob,Johnson,URDXL@mail.com,+15537774449,467 Pine St
OMHZEQK5,John,Johnson,E4P93@mail.com,+14650651961,542 Pine St
AY12D7T8,Jane,Williams,WE61T@mail.com,+16155646432,290 Main St
SMS1T0QJ,Jane,Brown,0YVXK@mail.com,+17072721868,212 Oak St
WZ8M0IAA,Alice,Brown,OSAGR@mail.com,+18080283526,881 Pine St
JWD3PCA7,Alice,Smith,MN9CU@mail.com,+12030615567,436 Main St
1IM152HM,Charlie,Johnson,IBRI9@mail.com,+16331976361,460 Oak St
YKF2R985,John,Brown,Z4PW4@mail.com,+18841641724,198 Main St
DMNOM5LN,David,Johnson,2JQM0@mail.com,+14246373687,957 Main St
OWQJPB0E,Bob,Smith,VZ0AG@mail.com,+17882759943,741 Main St
9A0T29KT,Alice,Johnson,02KR9@mail.com,+17234120716,129 Oak St
QU9WSDR7,John,Williams,FEOFK@mail.com,+19163755067,944 Main St
7LQZ2QT4,David,Brown,RUHVE@mail.com,+11388065753,227 Oak St
NJWPIU9O,John,Smith,70UMJ@mail.com,+15246655079,939 Oak St
ZB0NZWTJ,David,Smith,C0PFE@mail.com,+11759841807,760 Oak St
8EVME9U2,John,Johnson,EIWMG@mail.com,+18077278183,838 Oak St
SEOHUXIM,Charlie,Davis,B2GFI@mail.com,+17509244873,386 Main St
XH1DU44C,David,Williams,RV2W1@mail.com,+15122695560,328 Main St
33IL8W1V,David,Williams,YUM9M@mail.com,+19687312011,777 Main St
V18IX10H,Bob,Johnson,7FCFN@mail.com,+14962531372,185 Oak St
F6R1EOST,David,Davis,COIJN@mail.com,+11011554066,133 Main St
4C5HYVFW,John,Williams,KVXU0@mail.com,+18253921437,989 Oak St
3JMYS33I,Jane,Johnson,A2RWJ@mail.com,+12322792140,213 Pine St
OUSHJEJI,Charlie,Johnson,5ZTJD@mail.com,+16332342223,785 Pine St
IZDN27LY,John,Smith,Y8Z1P@mail.com,+17132224758,421 Pine St
1ESNIS89,John,Johnson,8DSP3@mail.com,+19458495224,185 Main St
U95BHS95,Alice,Williams,44K8H@mail.com,+11615375128,746 Pine St
E0NBG7SX,David,Brown,L2USL@mail.com,+14655436080,112 Main St
MX4DQRSI,Alice,Smith,66BHD@mail.com,+19075681543,863 Pine St
ZXJV8EN2,John,Smith,AZ4L4@mail.com,+12326579911,538 Pine St
1SIC9C2I,David,Brown,FYUKK@mail.com,+16434485660,116 Oak St
DJGD6NCJ,John,Smith,NEBZ9@mail.com,+18134524148,154 Oak St
GZWQ0MRB,John,Brown,62GWP@mail.com,+18977903111,853 Oak St
DONPWAAP,David,Brown,PLS4J@mail.com,+13715860609,339 Main St
U8N6B4BE,Jane,Smith,QPO5W@mail.com,+12156944360,206 Pine St
BV5QPBG5,Bob,Davis,5OBWS@mail.com,+17551618399,634 Oak St
APGS4IWG,Alice,Johnson,C5PN7@mail.com,+18366771300,820 Pine St
TE30FW2F,Alice,Brown,JEI21@mail.com,+19566054276,444 Oak St
I52SJETD,John,Williams,5JZSZ@mail.com,+19521347639,336 Main St
JZBH67H7,John,Smith,N1MQP@mail.com,+15256966331,956 Pine St
KCRYD5A4,John,Brown,NAZ45@mail.com,+14747967289,695 Pine St
XMMO455U,Alice,Williams,XAMJF@mail.com,+14427777935,328 Oak St
MUADLO4F,Jane,Brown,OQI46@mail.com,+15921530688,716 Main St
QWY9QLIJ,John,Smith,4X0K0@mail.com,+14538401169,439 Pine St
01CSULRM,Bob,Brown,JXUQ6@mail.com,+14233609431,605 Main St
724U6N3J,David,Williams,QGK2J@mail.com,+12223573354,786 Main St
U12R5NV3,John,Johnson,D3I86@mail.com,+19486269260,734 Main St
O6N0IOCP,Charlie,Brown,NR30L@mail.com,+11073126378,154 Main St
S9P45JON,Charlie,Brown,SC4YA@mail.com,+14771557358,188 Oak St
RFXW2TCR,David,Davis,XUZKK@mail.com,+18290703546,615 Main St
Z2G0AVJ6,John,Smith,4YPPU@mail.com,+18181734961,106 Main St
SFM9B6EG,Alice,Davis,LWYGI@mail.com,+16436623283,498 Oak St
68VC8FFF,Alice,Johnson,EMM99@mail.com,+11330380069,604 Pine St
2XGQIVZ5,Jane,Williams,RKGLR@mail.com,+14863731715,157 Pine St
O5MFVD49,Jane,Williams,E6JF9@mail.com,+14216504388,624 Main St
52QRD0DN,John,Smith,5PM5B@mail.com,+14435792572,667 Oak St
96SZH4GB,Jane,Brown,O54L0@mail.com,+12609974803,295 Oak St
CEG3XTV6,Bob,Davis,5YX7W@mail.com,+16197845436,517 Pine St
NZWPF04Q,Jane,Smith,B15ZB@mail.com,+17172141532,347 Main St
OQRH24OL,Bob,Williams,N99FV@mail.com,+15798424552,138 Oak St
RMHPWZ52,Charlie,Davis,LLPYM@mail.com,+11308017234,306 Pine St
0DU42X4B,John,Smith,MAEGL@mail.com,+15605567639,833 Pine St
4NO6HE3F,David,Davis,EDCYV@mail.com,+12817309552,174 Main St
UPFVCIFK,Alice,Brown,JGYWZ@mail.com,+17319424930,463 Main St
D8GMJ9H3,John,Williams,BJXO4@mail.com,+14875997552,259 Main St
CAK9V59U,Alice,Smith,IM9V9@mail.com,+15303062830,624 Pine St
VN2JSLI7,Jane,Williams,Y0HRG@mail.com,+12544210908,308 Oak St
34T3FDJL,Alice,Smith,BQIYC@mail.com,+15387931627,613 Main St
XHA8ZSFN,Charlie,Smith,7X9QF@mail.com,+18740549528,701 Oak St
KMSU0XIR,Bob,Johnson,33GGD@mail.com,+11434426366,979 Main St
045FOSPL,Jane,Williams,B6CSZ@mail.com,+14351456907,602 Main St
M1M0HUYQ,John,Johnson,QU08Q@mail.com,+19839418569,443 Pine St
EQM1VC4Q,Charlie,Williams,WDQ4Y@mail.com,+19591792708,531 Pine St
SMKBGUP3,Jane,Johnson,YBWKY@mail.com,+17948379286,542 Oak St
72TEP8XN,Alice,Williams,SPG8Q@mail.com,+17444902622,852 Oak St
4J37098L,John,Brown,DJY3L@mail.com,+18082589138,871 Main St
FWRKK5MQ,Charlie,Brown,CQMW1@mail.com,+14546477833,415 Main St
TQE7GCW0,Jane,Brown,34GBC@mail.com,+18286813996,795 Oak St
0APQWNEY,David,Smith,CLY3I@mail.com,+19268717654,775 Oak St
AWZI6PB7,Charlie,Williams,17MM6@mail.com,+11004460600,933 Pine St
DWU2C34A,John,Davis,G5PV9@mail.com,+18705169336,378 Main St
QMDYX1SD,Jane,Williams,YYUEV@mail.com,+14448808285,945 Pine St
LO73M44F,Alice,Williams,M54J7@mail.com,+16941180559,731 Oak St
PG1WAYSB,Bob,Smith,3FNUA@mail.com,+17818013680,743 Pine St
K702BLH7,Alice,Davis,BVETX@mail.com,+12995509152,341 Main St
B4PGNCVA,Jane,Smith,XT6BX@mail.com,+18100010102,773 Main St
OJFSH6SK,Jane,Brown,DIDIC@mail.com,+11112865138,704 Main St
G9J64KRI,Alice,Davis,RN70D@mail.com,+19213844456,569 Pine St
R4LSWCFK,John,Johnson,U5IQ6@mail.com,+19811320186,394 Oak St
5NVEJ6Y9,Bob,Williams,XFUNT@mail.com,+11475034577,731 Main St
0OM5NH04,Jane,Brown,YTB0A@mail.com,+19012665447,924 Oak St
00Z49KOU,David,Brown,7726Q@mail.com,+11783383378,933 Oak St
MOUANU4P,Charlie,Davis,1UUTA@mail.com,+15251548035,364 Main St
VOXP6Z48,Bob,Johnson,FGFZU@mail.com,+11870130837,180 Pine St
82WKIHXP,John,Smith,1E10W@mail.com,+18906287471,418 Oak St
Z8FAH32N,Charlie,Brown,G14DB@mail.com,+15512025410,713 Pine St
ON4VY3G2,Jane,Davis,DFG8X@mail.com,+15970889671,913 Pine St
PCZ453JF,John,Williams,J6JYP@mail.com,+17035480637,345 Pine St
R7CXL60K,Charlie,Davis,WYMHS@mail.com,+15137056869,666 Main St
0UMYPJCA,John,Smith,A34X5@mail.com,+12420439368,535 Oak St
KCRJSCWM,John,Smith,PQYSW@mail.com,+15956205369,490 Pine St
69H61QUR,Alice,Davis,JMESZ@mail.com,+14120000836,819 Oak St
1L06OP6M,Charlie,Johnson,J5P2G@mail.com,+13229269405,849 Oak St
UJNC2SZ7,Charlie,Williams,LMDJ8@mail.com,+19490668846,609 Oak St
NMCEEHBD,Bob,Davis,TCA0V@mail.com,+15380980023,699 Oak St
D1Y7R1M8,Alice,Johnson,51KF8@mail.com,+14736256722,729 Pine St
GHVGR1V2,Charlie,Williams,FJXH6@mail.com,+14205785510,809 Main St
PANLURHN,John,Smith,NWJS3@mail.com,+14882146788,859 Pine St
JL2HYPHL,Bob,Davis,RPWYX@mail.com,+11412189814,188 Pine St
9AR3Y8E8,Jane,Davis,DXMWQ@mail.com,+13315402991,254 Pine St
TH44ZI8X,Alice,Johnson,2I8SV@mail.com,+12176581194,146 Pine St
335RENWG,John,Brown,V0VAQ@mail.com,+15432094809,541 Pine St
15TPUBX9,David,Williams,YMNQI@mail.com,+13370938771,277 Pine St
XW92TACN,Jane,Brown,25784@mail.com,+14256864442,954 Oak St
XJB3VB2B,David,Brown,LOS7P@mail.com,+14567138407,848 Pine St
QUNGRV5A,Jane,Davis,QHGWB@mail.com,+11172220252,187 Oak St
R2EA6PYN,John,Davis,8T37U@mail.com,+13760082279,876 Pine St
9R5CQBB3,Alice,Williams,JED9S@mail.com,+17340494390,498 Main St
1C53IGZ4,David,Johnson,L56PJ@mail.com,+19310750943,673 Oak St
LP2TE05M,Bob,Brown,A02R2@mail.com,+16560871020,133 Oak St
1R36JFZP,David,Davis,X5F72@mail.com,+16115978944,176 Pine St
GXPNRUYN,Alice,Johnson,QNKPX@mail.com,+12133066725,720 Oak St
JX3T5XDX,Alice,Smith,72BFF@mail.com,+15848461397,967 Main St
TO1B0EXJ,John,Smith,2ZK83@mail.com,+11316029524,602 Pine St
1LWWTIUU,David,Davis,1886M@mail.com,+11956990407,746 Main St
Z52T0TT2,Jane,Brown,8UX8U@mail.com,+18510602085,166 Oak St
TUMBJ9OH,John,Davis,1JOMD@mail.com,+18631082245,402 Main St
KVE4UQ0S,Charlie,Smith,OF78N@mail.com,+18827909363,811 Oak St
EQEO7JAW,John,Davis,MNIS7@mail.com,+18729764848,942 Oak St
JHTUL29N,John,Davis,VNY1T@mail.com,+16436414797,141 Pine St
3KAVLOKZ,Bob,Williams,3YF1Z@mail.com,+13816806033,334 Oak St
7XSANIIF,John,Williams,D562J@mail.com,+15418654660,798 Main St
3GRZNFU4,Charlie,Smith,OGGMP@mail.com,+15116103296,822 Oak St
N80JDXF9,Jane,Williams,ZBW99@mail.com,+12970885375,990 Oak St
S0NNNCG1,Charlie,Johnson,LEF4M@mail.com,+13612876999,406 Pine St
W053HOL5,David,Brown,DW8MS@mail.com,+16866136168,920 Oak St
0RUI5RH8,Charlie,Davis,DKVSN@mail.com,+13370545513,210 Main St
D0C2PCIG,Bob,Johnson,96PK1@mail.com,+18967722768,985 Main St
OT1808OM,John,Williams,4RTJB@mail.com,+13847801003,478 Pine St
P4626W1T,Charlie,Williams,ZV6BW@mail.com,+16887418627,377 Pine St
LQFTO6KE,Jane,Smith,KTFJL@mail.com,+16346369670,736 Pine St
MFJ10U6J,John,Williams,65B75@mail.com,+18306832566,310 Pine St
Z0IHTHLA,Jane,Johnson,ZC6TN@mail.com,+12010199193,844 Pine St
HGAMLEJT,David,Johnson,G4NU4@mail.com,+19652702288,634 Oak St
UQ96P1V5,David,Smith,82CCN@mail.com,+19950369062,511 Oak St
6LXY24NB,Alice,Brown,ZB0MS@mail.com,+19202779871,683 Pine St
GUNXZU60,John,Williams,J91BT@mail.com,+17192873756,249 Oak St
SOS8XFJ1,Alice,Brown,4ST8T@mail.com,+19012229563,688 Pine St
0RA0JU16,David,Williams,6E0MW@mail.com,+19455108441,229 Pine St
GWZ0SN8O,John,Davis,Q6DQC@mail.com,+16784875538,752 Oak St
EALYY7A2,David,Williams,66KVY@mail.com,+13859213393,314 Oak St
T2CJWJ0S,Charlie,Smith,8IWVQ@mail.com,+16517877165,452 Pine St
OB4CP658,David,Brown,3RZUU@mail.com,+16452227029,889 Main St
STE79EWY,David,Johnson,HYVM1@mail.com,+18064212379,837 Main St
Q7SKH8AT,Alice,Williams,1V3EA@mail.com,+15075385100,294 Pine St
HODBB5WH,John,Davis,UVW0R@mail.com,+16960060066,699 Pine St
6TD5H0RY,Bob,Davis,WZUTT@mail.com,+11259394206,558 Main St
F4FSVLRX,David,Williams,19GVH@mail.com,+16132460602,625 Main St
8RTZR4AU,John,Brown,CQPW2@mail.com,+12848359017,549 Main St
U2MNOE96,Jane,Williams,NGFYJ@mail.com,+12287484626,803 Oak St
MD8V51NQ,Charlie,Davis,QJGE3@mail.com,+14932847783,490 Pine St
QLIWJNX8,Jane,Davis,WN97W@mail.com,+15764710032,221 Oak St
8MFTDDKS,David,Williams,79DVA@mail.com,+12120810019,626 Pine St
KJSH1DVF,Alice,Davis,PRG45@mail.com,+19237327200,943 Main St
ZT0B8S6P,Charlie,Williams,D32SZ@mail.com,+15794658681,682 Pine St
Z2TX0U9F,Bob,Davis,TPSZW@mail.com,+11282421614,510 Oak St
99TI21SS,Jane,Johnson,CE0PN@mail.com,+11404015615,844 Pine St
GBNCYO98,David,Brown,M46SG@mail.com,+18611520412,640 Main St
LJQ2O7W8,Jane,Johnson,IWB6B@mail.com,+17654515527,271 Oak St
JYSB6MOC,Bob,Brown,6AE6Y@mail.com,+18586105577,153 Main St
LH7MJNUX,Bob,Smith,RQKQ6@mail.com,+13341039921,913 Oak St
NRNR5ZCR,Charlie,Davis,U2WC2@mail.com,+15843796004,355 Pine St
U2M2VLYH,David,Smith,R93O9@mail.com,+14209793564,401 Oak St
R3A6CP5A,Charlie,Johnson,Q2PJD@mail.com,+19348098650,150 Pine St
QRPGPDUK,Charlie,Davis,SZTK3@mail.com,+16561891440,892 Pine St
T5M6TR2L,Charlie,Smith,YENP2@mail.com,+15717796423,807 Main St
VG5U70G9,Alice,Davis,UM1HW@mail.com,+15816146171,752 Main St
J7MV1HQQ,Alice,Williams,21RL5@mail.com,+14064168488,626 Oak St
3DV3XSHT,John,Smith,HR0DI@mail.com,+15749488884,870 Pine St
51H2VSZM,Charlie,Brown,IO4FD@mail.com,+13784804388,590 Oak St
LYGMUQ20,Alice,Johnson,3B70U@mail.com,+19138841322,382 Pine St
SGHN8PHX,Alice,Johnson,XL3US@mail.com,+13163030710,605 Oak St
DEK2D005,Charlie,Johnson,C1QNG@mail.com,+18867395101,556 Oak St
DXE6LXNP,Charlie,Williams,6XH93@mail.com,+14032239989,414 Pine St
XKHJOZ6C,Jane,Johnson,410U9@mail.com,+12418597648,601 Main St
03PXU68S,John,Smith,ZH7QN@mail.com,+16812020956,406 Pine St
0J3UVNF0,David,Williams,SGARQ@mail.com,+18975600268,550 Main St
RZAK1R9N,Jane,Smith,2M3X4@mail.com,+11629735257,185 Pine St
SMMJZW20,Charlie,Williams,OV403@mail.com,+14414784272,709 Pine St
X7G35BG3,Bob,Smith,UYLSG@mail.com,+17279383522,990 Main St
BYGYCLWM,Charlie,Davis,6YZOI@mail.com,+18184835947,663 Pine St
A1NTK313,Alice,Brown,M16HL@mail.com,+13424794539,501 Oak St
VFQY3D61,David,Williams,1N7FH@mail.com,+14655720789,632 Oak St
ZDWJ7XR6,David,Smith,YYSB5@mail.com,+19363526381,577 Oak St
3NVL30TZ,Alice,Williams,AWYG6@mail.com,+19054899312,732 Main St
MTG59X2C,David,Johnson,XFA98@mail.com,+19973412147,746 Pine St
TBAYURGA,David,Smith,5F97L@mail.com,+19746279228,237 Pine St
MQCP30UQ,Jane,Brown,9HHNI@mail.com,+15918580447,270 Pine St
Y427YO0S,Bob,Davis,IS5G7@mail.com,+16298883157,173 Oak St
KRMXF6WU,John,Smith,TFEKF@mail.com,+15563873126,640 Main St
79L66DJU,Jane,Williams,NX5S1@mail.com,+17273763355,647 Oak St
0Z3NALRU,David,Brown,HCP96@mail.com,+14060696975,561 Main St
5GNS04LN,Charlie,Davis,NCK1H@mail.com,+16118517691,288 Main St
BFX4CMIG,Jane,Davis,UEG2C@mail.com,+18836912708,635 Pine St
B5CQ8QZQ,Jane,Johnson,QAHSV@mail.com,+14912517788,701 Oak St
FEOZ8KDB,John,Smith,GY3H7@mail.com,+14898475566,791 Pine St
1G3HU304,Alice,Johnson,T31QI@mail.com,+14916074921,554 Oak St
IHPZT47Q,Charlie,Johnson,FXX4L@mail.com,+17534440613,647 Pine St
BYUXO5HU,Charlie,Davis,CEMSG@mail.com,+19334632952,315 Pine St
20LJKHFA,Charlie,Williams,NE0V2@mail.com,+12245205840,369 Pine St
26SH1144,Jane,Williams,9RIQG@mail.com,+12711256877,227 Oak St
KR8UIGA9,John,Brown,C9O63@mail.com,+16907704471,504 Oak St
HWOQ7C6B,David,Smith,D7UBG@mail.com,+18983691780,104 Pine St
9C4SBQ7P,Bob,Williams,TETA6@mail.com,+16606773838,480 Pine St
NQ653HN6,Alice,Davis,3YGZU@mail.com,+19377765231,345 Oak St
MHEIJMLZ,Charlie,Williams,8P7LK@mail.com,+16736054491,374 Main St
RF8FL5QF,John,Williams,VHJKK@mail.com,+17501431713,427 Pine St
QRAVUIL5,Charlie,Brown,25DCD@mail.com,+19845995072,658 Pine St
1LRKHJSX,Jane,Williams,KMCZM@mail.com,+14790054261,321 Pine St
YB9KLYBF,Bob,Williams,5T4DE@mail.com,+17617028551,786 Pine St
49PM67V7,Jane,Davis,6HPO4@mail.com,+17791824038,713 Pine St
M8699ZDD,David,Williams,KUA1Y@mail.com,+11506351337,314 Oak St
VL02ONS6,David,Johnson,Y81WX@mail.com,+17133388120,661 Oak St
OJY0PXD6,Charlie,Johnson,UKX2N@mail.com,+17911052514,465 Oak St
MJIXJEKK,Alice,Johnson,2UL4Q@mail.com,+11526454810,320 Oak St
ER96W267,Bob,Smith,V8XEZ@mail.com,+11097277832,310 Pine St
HJ06ECE0,Jane,Smith,HDAJ0@mail.com,+17538985712,436 Pine St
SIT60O8V,Bob,Johnson,TBB0I@mail.com,+14588736311,495 Oak St
TEOPGN41,Jane,Smith,FQ9QU@mail.com,+18412093038,861 Main St
HIL9IELX,Alice,Brown,C6SRN@mail.com,+17536275823,820 Pine St
W29S23BT,Charlie,Davis,L8UF5@mail.com,+19727269348,736 Pine St
5MZ1LD8R,David,Davis,T8SBU@mail.com,+19139494932,800 Oak St
7FIUMD25,Alice,Johnson,83V8K@mail.com,+16152246551,423 Main St
UQ43I293,Alice,Williams,V9YT8@mail.com,+15151293435,324 Pine St
DRHKSJ8T,Alice,Williams,W5A0R@mail.com,+11538806763,755 Oak St
GD9XN5A4,Jane,Davis,74ICT@mail.com,+15757173875,962 Pine St
W3SESZOR,John,Smith,7EDI5@mail.com,+14894364095,745 Pine St
A0JV6O4V,Alice,Williams,1LPOG@mail.com,+16904698078,428 Main St
J0V812W0,Charlie,Brown,5VDZ0@mail.com,+19392825414,415 Oak St
77O3YMAQ,Charlie,Smith,CFREI@mail.com,+14567873007,817 Pine St
OWJA736A,Jane,Johnson,F9TMJ@mail.com,+19359672618,382 Pine St
O6M7QHCG,John,Brown,R4JB1@mail.com,+14979123863,471 Oak St
ZJNGO6UN,Charlie,Williams,G08AW@mail.com,+12796317731,992 Main St
L7Y1GPK5,David,Williams,H0BNS@mail.com,+13088991507,224 Oak St
YZLYEVM2,David,Brown,YV33A@mail.com,+16272523319,687 Oak St
EQFQHOJ1,John,Brown,W6WIW@mail.com,+18750142665,196 Pine St
2LYA0ZNH,Alice,Davis,SZSXH@mail.com,+16330669199,421 Oak St
1BJLOEDK,Bob,Brown,9S3HH@mail.com,+16818421293,922 Main St
OYED5U30,David,Brown,N4IKV@mail.com,+15860642926,507 Pine St
J4Q8EN7O,David,Smith,8MXFA@mail.com,+19207401813,503 Pine St
DQYPKWKN,Bob,Johnson,7XWIY@mail.com,+15224115506,310 Oak St
5HCWD197,David,Brown,CHBZ4@mail.com,+15449274757,868 Pine St
BF07X7DT,Jane,Smith,3RFGO@mail.com,+11815251405,208 Oak St
JR9BVUP2,David,Davis,X03QX@mail.com,+17012110661,187 Pine St
T2AV10I8,John,Johnson,4D433@mail.com,+13436287384,445 Main St
2W4OCHQW,Alice,Davis,GOV6B@mail.com,+16842613031,682 Oak St
OZTOQZNI,Charlie,Davis,FWRLR@mail.com,+17737046163,917 Main St
WGLM9CQT,Charlie,Williams,SSFUE@mail.com,+13349633480,760 Oak St
EZ2YNG63,David,Williams,2PKJO@mail.com,+19826293872,713 Main St
V0Y4IGIX,Charlie,Williams,MF9E9@mail.com,+12676430419,578 Main St
K8A3YKW9,Alice,Williams,VQSX6@mail.com,+14715711160,464 Oak St
IQB0BR5F,Charlie,Brown,860SU@mail.com,+14933785840,389 Pine St
W1Z8KW19,Bob,Johnson,K0SVB@mail.com,+18143445606,666 Oak St
ADNPC1FF,Bob,Williams,HX633@mail.com,+16510594243,367 Pine St
H69R2NC0,Bob,Brown,IAOS5@mail.com,+14476283832,225 Pine St
BNT7GJZ1,Alice,Smith,HHC3C@mail.com,+15184691908,978 Oak St
62E9F207,David,Johnson,YB5VR@mail.com,+14148427561,504 Main St
GXPFV56I,John,Brown,S5AN7@mail.com,+13283529681,348 Main St
B98VA524,Charlie,Johnson,KIGUB@mail.com,+15430798597,822 Pine St
WJ9LOSMA,David,Johnson,T02UN@mail.com,+15186022020,162 Pine St
HRE3SMAB,Charlie,Smith,PVVP9@mail.com,+13174054671,156 Oak St
LSQTPQMS,Charlie,Williams,1TWBG@mail.com,+18824750110,946 Oak St
9AH3EM7M,Bob,Brown,77K46@mail.com,+18493916808,190 Main St
JWNDIICU,John,Davis,ONI14@mail.com,+11159909090,178 Main St
PN0EKWZS,David,Davis,952M2@mail.com,+19100012329,702 Oak St
SJ0GEA0W,John,Davis,QZEWN@mail.com,+18279037649,527 Pine St
9WIUQOAS,David,Williams,P7RKS@mail.com,+18676025571,757 Pine St
512PMWZU,Charlie,Davis,Z9DQQ@mail.com,+13086416074,298 Pine St
QV2A74RO,Jane,Smith,O1UQS@mail.com,+11799948355,159 Oak St
NUMII3QS,Alice,Brown,PMIZL@mail.com,+15469594524,827 Oak St
I026XLO1,David,Williams,O8HP7@mail.com,+15394278057,950 Oak St
L8IXK4HT,Charlie,Smith,L5P50@mail.com,+15206431138,704 Pine St
0L0VFMQY,Jane,Williams,HKAVN@mail.com,+18129456830,333 Main St
FW0G27VR,Charlie,Williams,QAIST@mail.com,+15363364368,854 Oak St
E17NUFLY,John,Williams,3N27A@mail.com,+13457826472,792 Main St
LVIM5P9A,John,Brown,QR0OE@mail.com,+18273858256,465 Pine St
JQ6E9Q9T,Bob,Williams,EO7KW@mail.com,+12626267651,997 Main St
6AMZBOGR,John,Brown,SZ2JD@mail.com,+17498534170,142 Main St
MG0OY1Z2,John,Brown,6VN57@mail.com,+13515488475,814 Pine St
RLRVQ8WY,David,Brown,USKJU@mail.com,+12162507262,434 Oak St
E5WBAH22,Charlie,Williams,KB8YD@mail.com,+13456246877,905 Oak St
7Y6G6GV7,John,Davis,I9XUY@mail.com,+19459449774,256 Pine St
0RV9HFJ0,Alice,Smith,A1IPC@mail.com,+19137778453,150 Main St
BLNF2UAL,John,Williams,N5K80@mail.com,+16816088723,324 Oak St
HL8UNL6J,Jane,Williams,C3SUQ@mail.com,+11362240961,713 Main St
PN6GHFIV,Jane,Davis,ZFOT2@mail.com,+12864907695,775 Pine St
40J6UQAZ,Bob,Smith,U4OML@mail.com,+18936193155,739 Pine St
K0SDUY9P,Bob,Johnson,EYBDG@mail.com,+11679689368,310 Main St
0I1W8S6T,John,Brown,ZCW09@mail.com,+11485788924,187 Main St
BVQWKPZX,David,Smith,ORJZ5@mail.com,+11772615435,549 Main St
PPARIYBG,David,Williams,BFR0H@mail.com,+13694543541,834 Main St
A4Y9GS3K,Alice,Davis,AZKPB@mail.com,+14061016955,460 Oak St
OIBMVKFX,Bob,Williams,TSXL5@mail.com,+17517002769,245 Pine St
C5I6P7GJ,Charlie,Johnson,E3S9A@mail.com,+11264490733,785 Oak St
81TMMFY9,Bob,Smith,OBWWD@mail.com,+19773782562,940 Main St
OJXGI4JY,Bob,Smith,XBSJR@mail.com,+11353306414,837 Pine St
4YTJLHTY,Bob,Brown,M91KI@mail.com,+19970685614,450 Main St
KFLTP8BH,Alice,Davis,5K75X@mail.com,+14524457977,470 Oak St
N1LKEMP8,Bob,Brown,CZIU7@mail.com,+19154366837,434 Oak St
RJP0K39L,Bob,Brown,TKZY8@mail.com,+15177965570,681 Oak St
VMSA61G9,Bob,Williams,JHLOL@mail.com,+18775194568,373 Pine St
B9U64N9Z,Charlie,Williams,J9H4K@mail.com,+15210528946,992 Pine St
6SQOGYK3,Charlie,Johnson,NLTOI@mail.com,+14103601504,562 Main St
MXMFOEA4,Bob,Brown,XSVAX@mail.com,+19679720413,587 Pine St
2WNMUCMS,David,Brown,X76M0@mail.com,+12556943162,221 Pine St
YJY3YNQT,Bob,Johnson,32HRE@mail.com,+17353645950,455 Pine St
HSKLUDHC,Bob,Williams,FE5AY@mail.com,+12098420753,534 Main St
PP20EJWU,John,Johnson,LER5L@mail.com,+15515145644,271 Main St
HRZ5DQ7U,Alice,Davis,9O07X@mail.com,+11682571877,610 Main St
47GC35L5,Charlie,Williams,JFT2Z@mail.com,+17888473375,291 Oak St
HGLKVLRI,Alice,Davis,WENXV@mail.com,+19505356233,379 Main St
0UUCU8GV,Jane,Davis,6CTRD@mail.com,+15284341862,303 Oak St
M5S6LWGY,Bob,Smith,4Q7SP@mail.com,+15790020442,432 Main St
EZ7C2GYG,David,Brown,3FFBH@mail.com,+18100393544,176 Pine St
4UMY89IS,John,Brown,36412@mail.com,+19475282324,909 Pine St
ZUX2N4J1,David,Brown,DURNI@mail.com,+14588958004,244 Oak St
G3U8ECGX,Bob,Smith,L8CU7@mail.com,+14505398987,284 Main St
T7L0Z7WG,John,Davis,O9G5L@mail.com,+16101779829,174 Main St
6R8GD9NA,Jane,Johnson,VRGFS@mail.com,+12524967088,770 Main St
Y4ZJ4G2D,Alice,Davis,LQG17@mail.com,+19534136615,450 Main St
ADW69W4Z,Bob,Smith,1YFXD@mail.com,+18639631912,916 Oak St
SCDNT8DE,David,Brown,O20MX@mail.com,+18103812689,272 Main St
9MCRY4WK,John,Johnson,SZEVM@mail.com,+18352664039,704 Main St
82T26MVB,Charlie,Williams,N4RGQ@mail.com,+11858705284,358 Main St
VLC7MC2N,Jane,Smith,S03Y3@mail.com,+19344770965,390 Main St
2AFBJVY1,Jane,Johnson,EOWIA@mail.com,+13903840268,175 Oak St
6WJSUIV7,Jane,Johnson,EQZNN@mail.com,+12879369283,474 Pine St
UGTNU8XR,Charlie,Smith,RH71I@mail.com,+17264892703,137 Oak St
YILFU4XZ,Alice,Williams,XH21Q@mail.com,+12280176429,104 Pine St
4U9B9K3C,David,Brown,KLTSW@mail.com,+19708816718,559 Pine St
T2YCQY7R,Alice,Johnson,BAN3K@mail.com,+12016734866,106 Oak St
T6JKT2PP,Bob,Davis,T75SO@mail.com,+12858107448,350 Oak St
32DV372Z,Jane,Smith,L020J@mail.com,+18009954281,607 Main St
BD5K9X3X,Alice,Williams,ETT28@mail.com,+13178855346,636 Oak St
8AOS5EWL,Jane,Davis,0VFKX@mail.com,+19448180177,963 Oak St
ES5A20ZT,Alice,Williams,8ZJOA@mail.com,+12881877007,644 Pine St
TGG5LQN5,David,Davis,D515V@mail.com,+11094738651,966 Pine St
Z6053M3T,Bob,Davis,1ANAC@mail.com,+13208070466,879 Main St
X5UI9O7E,David,Williams,LID9D@mail.com,+11050055165,937 Oak St
URXNYX7O,John,Brown,2CDWF@mail.com,+17590711606,590 Main St
G263NPR7,David,Williams,9PDX1@mail.com,+11017291249,990 Main St
M5T14M6S,Charlie,Davis,4N644@mail.com,+15055148577,566 Pine St
88AXYSJV,Charlie,Smith,V6YZU@mail.com,+13837368466,239 Main St
M4XINQPD,Jane,Johnson,3UAOM@mail.com,+17691085493,543 Pine St
7D3WI2JB,Jane,Smith,JUROR@mail.com,+11502805364,194 Pine St
HSKLRQL1,Jane,Brown,AWJZ4@mail.com,+18685990632,503 Oak St
SY3MH2CK,David,Johnson,FCGKJ@mail.com,+11815540578,815 Main St
SZDJE8EE,David,Williams,9T98N@mail.com,+14092020541,440 Main St
ZEBLFZNX,Alice,Williams,EOC3V@mail.com,+19073986220,827 Pine St
7NMK32QD,Bob,Johnson,JAINR@mail.com,+17664263124,347 Main St
3X6M678P,Charlie,Williams,LBJSU@mail.com,+19179221408,271 Main St
YUBQJ3ZU,David,Davis,1HX9U@mail.com,+15855835757,910 Main St
QCZCBJ0Q,Jane,Johnson,QNK6F@mail.com,+12521855584,583 Main St
LEUEVLII,Jane,Smith,G2VJJ@mail.com,+19144934353,546 Main St
Z78NH5PN,Bob,Johnson,RTQ24@mail.com,+19000925164,740 Main St
UFFLSHBF,Bob,Brown,J87YA@mail.com,+19536950511,316 Main St
WGIVO5VI,David,Johnson,U4X4J@mail.com,+12078732836,199 Pine St
BD6JTPU1,David,Johnson,DRRDT@mail.com,+17692056181,612 Main St
HWNNYUPL,Alice,Brown,KRD2K@mail.com,+12767126033,723 Oak St
3YWCP9NI,Bob,Williams,U82P7@mail.com,+12532993140,750 Pine St
UBKNJXTW,John,Brown,BN091@mail.com,+15975958155,484 Oak St
4NNWC7Y5,Jane,Johnson,JLNH9@mail.com,+13961748256,875 Main St
S00POMXM,Charlie,Williams,NO624@mail.com,+14990825487,499 Main St
RL4CRXMT,Bob,Johnson,PODXJ@mail.com,+14914038924,348 Pine St
NN88OWB2,Jane,Smith,HEWI0@mail.com,+19305990457,934 Main St
0YSU0BIZ,Jane,Johnson,YA06U@mail.com,+15165302356,894 Pine St
4T7OXKA4,Alice,Brown,NEW73@mail.com,+12458044178,803 Oak St
QMUQRGR8,Bob,Johnson,963V8@mail.com,+14072652379,761 Oak St
ZT2VZXZK,Jane,Johnson,R7BKB@mail.com,+17799618968,539 Main St
P6NWLJLD,Jane,Johnson,AUDD5@mail.com,+16411229513,172 Main St
HGVIPOUF,Bob,Brown,G3X5M@mail.com,+19776410078,298 Oak St
13UVCEMW,Charlie,Davis,JAZXX@mail.com,+19469667088,807 Pine St
1SS439PZ,Alice,Brown,CWC30@mail.com,+18775775840,803 Main St
FYTS27RZ,Alice,Williams,D8TCD@mail.com,+18777662518,349 Pine St
JAWYPB33,Bob,Johnson,ZEA0A@mail.com,+16443896609,408 Oak St
K8A6BRVD,Charlie,Johnson,VFSDX@mail.com,+18590142817,505 Oak St
ESAPETOR,John,Smith,P84II@mail.com,+19674655738,123 Main St
VW0X70VC,Charlie,Johnson,18U23@mail.com,+14906518033,972 Oak St
8WY66IHS,David,Smith,SLHRU@mail.com,+13899312695,794 Oak St
5VLYHZ7W,John,Johnson,MUC0C@mail.com,+19265732729,866 Oak St
LZ32F4Z6,John,Smith,42O0H@mail.com,+18316292289,204 Pine St
4IRAM4CE,Bob,Smith,WNOD7@mail.com,+16962514413,540 Pine St
JEDOG7JR,David,Brown,YX6PJ@mail.com,+12556259455,892 Oak St
H39H60QR,Jane,Smith,5LMKA@mail.com,+12340370052,364 Pine St
PWPAFWQZ,Bob,Williams,U51HC@mail.com,+11036281841,335 Oak St
DOP0SGLF,Alice,Brown,9874T@mail.com,+11150168016,968 Oak St
70PFB43R,John,Davis,ETQNC@mail.com,+14893888842,860 Pine St
VG1CYH8F,Charlie,Johnson,0GHII@mail.com,+15252166656,487 Oak St
CV2RCWZY,John,Johnson,3LLC9@mail.com,+16132817957,258 Main St
NDDVBNEH,Alice,Davis,A9ZVL@mail.com,+18269614363,130 Oak St
KCJLJU0E,Alice,Williams,O4UNN@mail.com,+13917125560,125 Main St
7HDSZUKV,Alice,Brown,NWZMW@mail.com,+18389173750,552 Main St
3V6KNZ03,David,Williams,4TME2@mail.com,+13350027918,415 Oak St
X1I8FL4A,John,Williams,3R1OJ@mail.com,+12291332779,938 Main St
OD54S94L,Charlie,Smith,RJYYC@mail.com,+11594065499,329 Oak St
CRO25M9D,Charlie,Brown,50AEY@mail.com,+16769526147,315 Oak St
7OBI45OW,Bob,Williams,0G7L0@mail.com,+15246797454,127 Oak St
A07CPPZE,Bob,Williams,KWSM4@mail.com,+14930786098,186 Main St
5S4H3N8K,Jane,Williams,SYETC@mail.com,+17100963209,149 Pine St
7IGHONGU,Alice,Williams,GCS6E@mail.com,+11936689547,139 Main St
USWM8NTA,Jane,Williams,19RC8@mail.com,+12675256459,505 Oak St
S72G8HOT,John,Williams,43WNN@mail.com,+14705224957,555 Pine St
LE5P97Q8,Bob,Williams,MA2C7@mail.com,+13678477883,514 Main St
R0BEM5AJ,John,Davis,1IWZW@mail.com,+19376622964,564 Pine St
5XF9W089,Charlie,Johnson,G85EG@mail.com,+19089302629,189 Oak St
RJATBDEU,Bob,Johnson,V4ZKI@mail.com,+12220665384,460 Pine St
VJK23FUN,Jane,Smith,O9A4Y@mail.com,+15296692545,155 Oak St
RFMX6CJ8,Jane,Williams,3C8O6@mail.com,+17683366157,749 Oak St
4AN5GKUV,Bob,Johnson,7B07X@mail.com,+13624192226,767 Oak St
WB2ZVETB,David,Smith,JGFGS@mail.com,+18443222913,183 Pine St
6O0POG26,Alice,Brown,4QQYO@mail.com,+12021256999,280 Oak St
QT8SE2YA,Alice,Johnson,M0YQA@mail.com,+17578591698,826 Oak St
96X6CVVK,Bob,Davis,BGQ98@mail.com,+12033026113,171 Oak St
147XO9B4,John,Davis,N3UJW@mail.com,+18583409510,178 Pine St
5X3BCZOV,John,Johnson,A6512@mail.com,+14718716166,577 Pine St
D2XE6L15,Alice,Williams,G0L8Y@mail.com,+15355115798,569 Pine St
00DWRAY1,Bob,Smith,E0LX2@mail.com,+16254280500,481 Main St
XFINUUE8,Charlie,Smith,LR8LQ@mail.com,+11559403164,366 Main St
5VS0CHHA,David,Brown,L9QV4@mail.com,+11688309503,448 Pine St
SFRJH1P1,Bob,Brown,UX83R@mail.com,+14010938871,586 Main St
YT4MKELO,Bob,Smith,7907S@mail.com,+12302587779,268 Main St
OPOEXFWH,Charlie,Johnson,NIUV5@mail.com,+17638617238,611 Pine St
LCOGIOLN,Alice,Smith,XT5SN@mail.com,+17901139858,995 Oak St
3PY9XKH2,Jane,Davis,QUDDY@mail.com,+14062007154,692 Main St
LAF3OQ1G,David,Williams,RDWJA@mail.com,+17651756074,409 Oak St
146864WW,Jane,Williams,XUQDL@mail.com,+15629398836,584 Pine St
44P583CL,Bob,Brown,TNEYQ@mail.com,+18745411654,414 Main St
EOBG5F74,David,Davis,POQ8U@mail.com,+11504261536,655 Pine St
MQ88INQE,John,Williams,4XZ3T@mail.com,+11177347131,482 Pine St
6AUWH68J,David,Williams,PB6KK@mail.com,+18368855781,461 Pine St
BB6MDGLY,Jane,Brown,X5HDT@mail.com,+14660640699,748 Oak St
9VYOV9PH,David,Davis,42ZSA@mail.com,+11803717230,231 Oak St
850Q5AYX,Charlie,Smith,9JWXS@mail.com,+14909440579,734 Main St
7U3I361P,Charlie,Smith,2TJEX@mail.com,+17212981092,261 Main St
10SVNCWE,Charlie,Johnson,YRV1Y@mail.com,+12248031502,301 Main St
9K4BVLEX,Alice,Brown,ZB6QC@mail.com,+17548565429,487 Main St
0E6BSHV2,John,Williams,OJU66@mail.com,+17942868955,308 Main St
G4SG8ELU,John,Smith,YNKQU@mail.com,+11806057491,591 Main St
DZZ7X6AD,Jane,Brown,9D7L7@mail.com,+19463528559,347 Pine St
SRJNCHYL,Jane,Johnson,ISSWE@mail.com,+17834822943,780 Pine St
9A7JFW2V,Bob,Davis,S7NK1@mail.com,+19193377550,959 Main St
Y2XEW4NW,David,Davis,MXDH9@mail.com,+17119323481,888 Oak St
KDKXAVLA,David,Williams,2GSCW@mail.com,+17707272933,664 Main St
H6R5W66M,Charlie,Brown,TTSWR@mail.com,+19833033785,900 Pine St
Y07FP7WU,John,Brown,UFEUZ@mail.com,+18736301848,616 Oak St
6F2TJMGH,John,Davis,QQI8T@mail.com,+16984161425,224 Pine St
6XRI18EH,Charlie,Johnson,TUTVH@mail.com,+17495939575,115 Main St
XHPVSZYZ,David,Williams,IBVAC@mail.com,+17068554484,700 Pine St
JS4PLON0,Alice,Smith,YHJSJ@mail.com,+12141630022,566 Pine St
R100RYWA,Jane,Brown,UCCYJ@mail.com,+12288203938,668 Oak St
H5CVD5BL,Alice,Brown,FYE3T@mail.com,+16647208108,877 Main St
IMZD5ANM,Bob,Williams,9YHJ9@mail.com,+19680968817,973 Oak St
MW7V3H51,Alice,Brown,WYC85@mail.com,+14041515389,527 Main St
IHUNNBAQ,John,Davis,AUIC9@mail.com,+14997312918,549 Pine St
7K198JZM,Alice,Johnson,B5Z22@mail.com,+16035400969,460 Main St
T6ZWREF9,John,Johnson,KCTHX@mail.com,+19492363870,485 Pine St
X634A4QR,Jane,Smith,AUJA5@mail.com,+14527166642,556 Pine St
6G4KPN47,David,Davis,PCRPC@mail.com,+13050874766,429 Main St
J3HUIQR5,Charlie,Johnson,G2W9J@mail.com,+12003589304,759 Oak St
NB1I89TB,Charlie,Brown,FRC98@mail.com,+14231589869,273 Main St
JF5N6GM8,John,Smith,45J4O@mail.com,+13922400260,816 Pine St
MH3BZKZ9,Jane,Johnson,88PTW@mail.com,+11122633269,638 Pine St
54KG8GVL,Alice,Davis,WNC3I@mail.com,+18719002757,315 Oak St
IESYC10Q,Jane,Williams,O8TAS@mail.com,+14079592067,912 Main St
6QDYBVPK,David,Davis,UOKDD@mail.com,+17556815729,621 Main St
9W1VNLC9,John,Davis,GULTT@mail.com,+14957657193,790 Pine St
PWEI46RB,David,Johnson,8TLSR@mail.com,+14814066812,490 Oak St
EIHCKTM0,Alice,Smith,T4PAY@mail.com,+12320616665,860 Pine St
T3UI7Y33,Alice,Johnson,CFS6F@mail.com,+11536394236,952 Pine St
2383AN8E,Jane,Davis,2P32Y@mail.com,+19390568112,976 Oak St
P2EO5ZTV,Jane,Davis,LT823@mail.com,+15025469491,760 Main St
18XYXVY2,Jane,Williams,WGDVE@mail.com,+12820546305,214 Pine St
BLWF171V,Jane,Johnson,ZIP0E@mail.com,+16740100872,385 Main St
8E7YH9W6,David,Davis,51H6R@mail.com,+13384465646,159 Pine St
1OG4K0RJ,Bob,Brown,4NEA6@mail.com,+12157772318,448 Main St
7IVPP3LV,David,Johnson,MVXOL@mail.com,+17920213483,132 Oak St
Y5XALMUW,Charlie,Johnson,L7ND1@mail.com,+11900930695,288 Pine St
BJ3SDSBK,Charlie,Johnson,WMRIR@mail.com,+12211587985,231 Oak St
TC53QPYY,Alice,Williams,ME6M8@mail.com,+19373472426,213 Main St
6EE9CMP0,Bob,Brown,O0GYY@mail.com,+13282629166,812 Main St
0J4FV94X,John,Smith,K13PE@mail.com,+17378469639,525 Main St
NU3NF26H,John,Brown,GNJ7E@mail.com,+14887414647,881 Oak St
SEFK9IAJ,Alice,Brown,EMZXH@mail.com,+18136774916,238 Oak St
ISZU8U3X,John,Smith,82KBG@mail.com,+15255132052,289 Pine St
OVCWVBZH,Bob,Williams,PXT0T@mail.com,+15083709235,638 Main St
MBMG570M,Alice,Brown,AU0O8@mail.com,+15638934641,298 Oak St
DJ3B5O12,Jane,Davis,HBK4N@mail.com,+11098845160,110 Main St
JQLYMUO4,John,Brown,WC7DT@mail.com,+13969290451,102 Pine St
V65JESP7,Bob,Williams,TJZBC@mail.com,+13764208957,578 Pine St
XEM84T9E,Jane,Williams,RAZD7@mail.com,+18459439438,542 Main St
7FVNZ94E,John,Johnson,FDOJ7@mail.com,+15875510244,461 Oak St
9SBEJVWW,David,Smith,66158@mail.com,+15619671673,830 Pine St
NY5XZG87,Alice,Johnson,PS5DI@mail.com,+19797629551,214 Oak St
RPZSKZB3,Jane,Smith,MVFLL@mail.com,+15420482742,549 Oak St
Y6A1YR04,Jane,Brown,XWYN5@mail.com,+13297863312,350 Pine St
DAMTBO7E,David,Williams,5GB3D@mail.com,+17969896248,241 Main St
01PWALHT,David,Smith,85L2B@mail.com,+11385043424,808 Pine St
7M0C52UT,John,Williams,CTMG0@mail.com,+19109346315,119 Pine St
GN9NVQXH,John,Brown,BL1VR@mail.com,+19619554485,567 Main St
QMDUL3C4,John,Smith,9PXDF@mail.com,+11834781476,761 Main St
DF2BA37X,John,Williams,3JD14@mail.com,+11627946048,645 Oak St
FC1WB70W,David,Williams,SPX6H@mail.com,+18068426904,960 Oak St
CUOTLE6Z,Charlie,Davis,QL2SX@mail.com,+11561701302,268 Oak St
GR3N6EJL,John,Smith,TN7LI@mail.com,+16195782650,826 Pine St
TY889UIQ,Jane,Smith,YO7SN@mail.com,+19040073063,654 Oak St
CJ1Y8MVQ,Alice,Brown,2ZOCC@mail.com,+16378076494,650 Main St
AV9TNI54,Jane,Davis,S662R@mail.com,+16178131548,822 Main St
ZNVPFFUI,Alice,Brown,WAP6T@mail.com,+19595480444,428 Main St
BEC0SNDR,Charlie,Williams,03NZ1@mail.com,+13654946744,304 Pine St
RIKO1OTT,David,Davis,V188Q@mail.com,+13543480562,877 Main St
E3NKF02U,Charlie,Johnson,97J87@mail.com,+15248287512,927 Main St
6P55GFPM,David,Johnson,OCV3R@mail.com,+19106738397,279 Oak St
I2FPNQZE,John,Smith,4UTX9@mail.com,+18907084782,242 Oak St
PV5SQEIL,Charlie,Williams,TGMF4@mail.com,+18624531218,603 Pine St
9752E90N,David,Johnson,C0A3C@mail.com,+16828917412,651 Oak St
214HP8O5,Alice,Brown,24A7Q@mail.com,+11461468501,845 Oak St
ZKOYA1MI,David,Davis,YGO3V@mail.com,+18767388372,185 Oak St
3F1RHWO3,Jane,Williams,N86YS@mail.com,+16197074636,171 Pine St
Y0YABS8F,Jane,Williams,8F7EG@mail.com,+14262182947,208 Main St
7OAMELPG,Charlie,Johnson,N7NAB@mail.com,+15695931384,545 Pine St
RTFQ5FP1,Bob,Davis,7BN9Q@mail.com,+15992948870,603 Pine St
UNXLNGU2,Bob,Williams,KY62U@mail.com,+13174821397,904 Pine St
9NCJJK5Q,John,Smith,N7SIN@mail.com,+14465464710,776 Pine St
AUJIQQM7,John,Brown,0XAUP@mail.com,+16034494563,930 Main St
660THVLF,Alice,Williams,Y6RNK@mail.com,+12920782455,160 Pine St
69N8T76D,Charlie,Brown,8JPGP@mail.com,+16969601377,957 Pine St
WZ0DX51Z,John,Williams,9JLZ2@mail.com,+18925547234,835 Main St
J2YVSLU0,John,Johnson,OVL8E@mail.com,+18132023723,763 Pine St
LPP7YS2A,Alice,Johnson,ZA5RX@mail.com,+11160382605,911 Oak St
XBR8OEGX,Alice,Smith,YK6FG@mail.com,+19025255128,751 Oak St
WPQIJFY7,Jane,Davis,4OQZ5@mail.com,+11537737882,794 Main St
M44SWRUA,Jane,Johnson,NRUEN@mail.com,+19451523515,103 Oak St
V6BMDBCT,Bob,Davis,4MWNS@mail.com,+19936951448,792 Pine St
QE8BONR0,Bob,Brown,ZQGW8@mail.com,+12872844926,159 Pine St
U8TNV3FE,David,Williams,XV7XD@mail.com,+13469563168,590 Main St
PDZUJANJ,John,Davis,FJ9WX@mail.com,+12426590651,795 Pine St
1BSHFOVV,Bob,Williams,7YLCO@mail.com,+17049644534,992 Oak St
DZJW8JGI,David,Smith,OU125@mail.com,+17172527200,242 Oak St
AYBLLRN8,Bob,Brown,RZBXN@mail.com,+18336631904,226 Pine St
E2SNPI89,Alice,Davis,A3GB1@mail.com,+14725337724,359 Main St
CHD32BBI,Charlie,Smith,AKXM6@mail.com,+11676483396,276 Pine St
J5NKC8QQ,Bob,Brown,OUMWR@mail.com,+11964745859,612 Main St
ERKKH50B,Charlie,Williams,XNB8M@mail.com,+15106696968,540 Pine St
11CLVCQX,Jane,Williams,5RAS2@mail.com,+18159529192,590 Main St
1S1E6K5E,Jane,Smith,9DIW6@mail.com,+14874156897,571 Oak St
TKSYSZP5,Charlie,Johnson,DWV32@mail.com,+16262947537,297 Pine St
LFJGGNJA,Jane,Williams,THVXF@mail.com,+15142465591,405 Main St
6E5YV0M0,Charlie,Johnson,M1MRR@mail.com,+13346029310,640 Main St
9L76NGF5,John,Johnson,9JOQF@mail.com,+16864525378,157 Oak St
IX9Y02CY,John,Smith,SJNPA@mail.com,+13091924047,777 Oak St
7PKKORI2,John,Davis,GWH53@mail.com,+12806394047,130 Main St
97G4RZ5G,Jane,Williams,SF3J4@mail.com,+19574856557,922 Pine St
EMVK176D,Charlie,Davis,5TYE8@mail.com,+14351223421,647 Main St
YAH06LCP,John,Williams,MPO8I@mail.com,+12716661336,456 Main St
WDWZO0PR,Jane,Smith,QCBLB@mail.com,+16408091379,277 Main St
EEJMDDAE,John,Johnson,B8N8P@mail.com,+12036299956,488 Oak St
6OIFGNIR,Alice,Johnson,U0CQ8@mail.com,+12523179161,527 Oak St
Y9W7OBN5,David,Smith,10XOW@mail.com,+13503437038,583 Main St
4AKNJD9L,David,Smith,TCK81@mail.com,+18833117912,334 Pine St
F3JJEAIK,Charlie,Smith,ZK40M@mail.com,+14457105405,841 Main St
1LO0W39P,David,Davis,K9YQZ@mail.com,+11462238144,668 Oak St
PJWJH4JI,David,Smith,UKQPE@mail.com,+19123856069,880 Oak St
0O5GPW82,Alice,Davis,IYG4J@mail.com,+13861163177,185 Pine St
YJJJBQ51,Jane,Brown,N6EPL@mail.com,+13537876086,633 Oak St
DEIPAI3L,David,Davis,FZ175@mail.com,+11550753550,949 Main St
EP4UW834,David,Brown,LEVVC@mail.com,+15879320108,993 Pine St
QQL96NI6,Charlie,Johnson,SR5CL@mail.com,+15829222894,459 Main St
LTAIJNYD,Bob,Davis,QZG9P@mail.com,+16129366847,536 Main St
9Y4OX6QB,Jane,Davis,O461Q@mail.com,+14468983046,606 Oak St
YH34L8UL,David,Davis,XO7YA@mail.com,+14509298067,601 Pine St
CI7GUB7S,John,Johnson,UHHUT@mail.com,+16085916302,828 Pine St
HXNTMTT9,David,Williams,VZU2M@mail.com,+14946144104,681 Oak St
86Y9TE0V,David,Smith,SWDFS@mail.com,+19975554768,816 Main St
CIVQ8CC1,Jane,Johnson,XU10Z@mail.com,+14110423464,992 Oak St
TZ2QGK55,David,Brown,F0XM4@mail.com,+14927798235,806 Oak St
PY168JAD,David,Davis,OHUQN@mail.com,+17525308893,926 Main St
OX4ZTBJP,Charlie,Williams,WCVZ1@mail.com,+11594986112,490 Oak St
S7XK6BIZ,Charlie,Brown,ODEEK@mail.com,+11743580078,543 Oak St
Y942IJSS,John,Johnson,D62GH@mail.com,+12110876489,966 Main St
5UTCOM5H,Jane,Johnson,9TSRD@mail.com,+18415099491,354 Pine St
61WBOGJW,Alice,Johnson,97CQE@mail.com,+16542471909,521 Pine St
PER8A5NP,Alice,Smith,C6XW9@mail.com,+18906225815,210 Oak St
HNJICOH6,Jane,Williams,LOMJ3@mail.com,+19627920927,792 Oak St
7HVKTKD7,Alice,Williams,V6UR4@mail.com,+15878390951,330 Main St
D54JEBDH,Alice,Smith,ZU1GX@mail.com,+11936980499,684 Pine St
IUKWXNHX,Alice,Smith,MQ69C@mail.com,+11370328668,113 Pine St
WEMLQH33,Bob,Davis,3B1EI@mail.com,+11214697142,599 Main St
4XMRJ9GW,Alice,Davis,FQTQ5@mail.com,+19976284333,338 Main St
H0I5XYI2,David,Johnson,99T0K@mail.com,+14055891273,185 Main St
SAYS25TE,Charlie,Johnson,LPKT0@mail.com,+15224054985,164 Pine St
RQ64A04C,Alice,Davis,FAWY9@mail.com,+11312479061,987 Oak St
08MBS6I4,David,Johnson,297DZ@mail.com,+16727805930,829 Pine St
6YKVCVXT,Alice,Johnson,ES6C8@mail.com,+19262710152,712 Pine St
GRZ00IP2,Charlie,Williams,679L9@mail.com,+18249480014,970 Oak St
B93PQ5GE,Bob,Davis,8R52R@mail.com,+12985578735,394 Oak St
69S70QF2,Charlie,Brown,BUQH1@mail.com,+19698627455,583 Pine St
IIE4VFQ2,John,Smith,34RKJ@mail.com,+18222661563,959 Main St
IKM3U8QV,Bob,Smith,KZEB3@mail.com,+13323375613,683 Oak St
40DYBB9O,Jane,Johnson,UR7SS@mail.com,+18667821945,989 Oak St
DPRU4A95,John,Brown,27HUM@mail.com,+13389171380,372 Oak St
X1I435AP,John,Smith,6P7KN@mail.com,+17945550271,755 Main St
SZ9IKUZE,Alice,Williams,H8L9V@mail.com,+12333476318,692 Pine St
WCZFFNKY,Jane,Davis,B1MJA@mail.com,+14190853604,202 Pine St
DLZUBY5T,David,Davis,NHV0G@mail.com,+19174905299,241 Main St
DGJTVOR5,John,Davis,XMFNX@mail.com,+12346859032,112 Main St
EWMHQ5IW,Charlie,Brown,K81AN@mail.com,+19785254327,870 Pine St
YZ5UUDAS,Bob,Brown,9CI9E@mail.com,+14356277244,121 Pine St
AMNIPXY4,Jane,Davis,04NH6@mail.com,+12333749991,159 Main St
549VURPV,John,Brown,XM98R@mail.com,+18131749689,834 Main St
4Y05N6VF,David,Smith,IUFVA@mail.com,+19914570018,497 Pine St
9YMRDQVU,David,Smith,82OL7@mail.com,+14148457392,937 Pine St
ARX4S6PL,Jane,Smith,D6WRM@mail.com,+12091794330,848 Main St
BZPKLTRX,Jane,Brown,C4K6Y@mail.com,+18163632370,204 Main St
9SG6155J,Jane,Brown,VISAM@mail.com,+14454360857,337 Oak St
MBYFS5GL,Bob,Davis,VZBRG@mail.com,+13974951880,684 Pine St
K0SIKSN1,Charlie,Johnson,5LCJT@mail.com,+18904662687,174 Main St
WCAJ91EJ,Jane,Williams,KD4O1@mail.com,+16398580612,719 Main St
GEXBO4YG,John,Johnson,KQ5MR@mail.com,+18558155300,585 Oak St
9HT8NYAK,Alice,Smith,OYN2F@mail.com,+12458682804,780 Oak St
08QZSPHK,David,Johnson,X7AN8@mail.com,+13611914193,442 Oak St
173RBDMA,David,Brown,CTTJA@mail.com,+16091043563,926 Main St
M6KW2HEZ,David,Brown,30SWL@mail.com,+16627201172,667 Pine St
MXI5OYNU,Charlie,Davis,29WK1@mail.com,+14520568782,518 Pine St
C7HTNYMI,Jane,Johnson,QZU0H@mail.com,+13642006786,528 Main St
A2KX6114,David,Johnson,GLOQI@mail.com,+15378169349,504 Pine St
RJDDUBL3,Alice,Williams,5SP5H@mail.com,+13874088370,355 Pine St
RW9HN36U,Alice,Brown,1W4BG@mail.com,+11440046648,887 Oak St
VWJU4U1J,Charlie,Williams,ENBW9@mail.com,+15060594537,389 Oak St
HWZ2U530,John,Smith,QLGHA@mail.com,+14194569873,575 Oak St
UFLJUEOZ,John,Williams,FSW3H@mail.com,+15049623977,120 Oak St
EH4LL74S,Charlie,Davis,D13YH@mail.com,+14245412423,827 Main St
KL7YXF3X,John,Davis,1BFWU@mail.com,+12838442637,377 Main St
8MK72WL1,Charlie,Williams,W8MGF@mail.com,+18279150325,647 Main St
RGRVFU1I,John,Johnson,EDT5L@mail.com,+13056739706,414 Main St
8AG5E3MR,John,Johnson,DDU8W@mail.com,+13627701696,126 Main St
F8LKJ7JE,David,Brown,NI7MS@mail.com,+11516902498,509 Oak St
RJ34LEKE,Alice,Williams,ZGM2C@mail.com,+19207154753,417 Pine St
MO0MBOMI,Jane,Davis,PFZAP@mail.com,+17892262967,306 Pine St
5OG14DD9,Charlie,Williams,PZHPC@mail.com,+11215483515,186 Pine St
L4E7D1E6,John,Davis,S9RDU@mail.com,+19904884044,566 Main St
F8F2UBHM,Charlie,Williams,C1Y5Z@mail.com,+18186832972,137 Pine St
EMO69218,David,Brown,1C71N@mail.com,+11507883286,814 Main St
1LBV004J,David,Smith,6CQ6T@mail.com,+16343283807,926 Main St
O4K358E0,Charlie,Williams,3QVKS@mail.com,+16812164913,996 Main St
49E6AFJZ,Bob,Johnson,R60MU@mail.com,+12881853338,990 Pine St
YJS8QWUK,Alice,Johnson,I8KTI@mail.com,+16216943051,825 Oak St
SALPHOYA,Bob,Smith,CWCSR@mail.com,+18035662831,535 Main St
EZCMGEDI,Bob,Davis,T5IIN@mail.com,+16072959186,525 Oak St
WUASTX9C,Jane,Smith,Q06GY@mail.com,+13732592001,190 Pine St
RMIK29O5,Bob,Brown,XQ2ZE@mail.com,+15493226377,908 Main St
AV3PGNQK,Alice,Johnson,AK42U@mail.com,+18665710208,216 Main St
LIBB7LU6,Charlie,Brown,XIYMO@mail.com,+12178915854,541 Oak St
NDWUX9U8,Charlie,Smith,OEELU@mail.com,+15241959655,290 Main St
IK7ZH4DK,David,Johnson,E5IV1@mail.com,+12047831748,479 Main St
OJB57OLO,Alice,Smith,4HP54@mail.com,+11028953498,152 Oak St
Z1JOFDP0,Alice,Davis,3N909@mail.com,+19718819620,579 Oak St
743ZS7IS,Charlie,Williams,0G9YG@mail.com,+19007342805,908 Oak St
KUX01KKM,Alice,Johnson,0TKZ1@mail.com,+11676095471,666 Oak St
F2XIN4SX,Bob,Smith,R3SSB@mail.com,+18233544983,766 Pine St
W8YEMG2A,Alice,Smith,94CHA@mail.com,+11893094021,274 Oak St
O8EHMU6J,Jane,Johnson,6FM31@mail.com,+17931255987,153 Pine St
GRDX84CI,Alice,Brown,U9YDS@mail.com,+16942567093,895 Pine St
DESNONZ1,David,Smith,3O8YS@mail.com,+14572037348,225 Pine St
P41GPU9C,David,Smith,S6OV4@mail.com,+18620756590,719 Main St
YLIWLJID,Bob,Johnson,54TPA@mail.com,+15289263285,284 Oak St
XOEP1KZ9,Alice,Brown,B9TJN@mail.com,+17466235198,513 Pine St
LTTVKXO3,Charlie,Johnson,1YPYR@mail.com,+11626285254,208 Main St
Y9U5JX5G,John,Brown,ROCIQ@mail.com,+15359687929,302 Pine St
RW07QN95,John,Johnson,J37J6@mail.com,+13113832234,309 Pine St
EHXP3C30,Jane,Smith,YBO6A@mail.com,+11453523706,307 Oak St
XSN8FJFK,Charlie,Williams,33LZC@mail.com,+19251661726,272 Main St
3VLIYNYI,Alice,Johnson,F8N1P@mail.com,+19187862371,225 Main St
WSHXQKGV,David,Brown,M1SDT@mail.com,+17929472731,279 Pine St
JME8FTRC,David,Johnson,UF00J@mail.com,+15415471883,208 Main St
7YF5K423,Bob,Johnson,XR3EU@mail.com,+11789309840,851 Oak St
VV01F0D4,Charlie,Davis,R4DD8@mail.com,+14135608857,289 Pine St
KDWSG30L,David,Williams,L9JMR@mail.com,+18427341573,271 Oak St
MTNTYYN2,John,Davis,M8CAP@mail.com,+17757363257,959 Pine St
AOZZUP7Z,David,Johnson,4VY6I@mail.com,+14593154501,234 Pine St
5BXJCI8G,Charlie,Smith,V9X5K@mail.com,+17506588801,833 Pine St
R5JXVJB5,Bob,Brown,GF59D@mail.com,+13863551773,813 Pine St
B8G6Q0MU,John,Williams,0UY3B@mail.com,+17374697483,993 Oak St
ANBEVIKX,Charlie,Williams,BU89E@mail.com,+12753845433,163 Oak St
ONGP9HN5,John,Smith,ARIJX@mail.com,+13015784651,716 Pine St
ZGL1ZFXP,Alice,Johnson,158ZY@mail.com,+12246073171,402 Pine St
24RXJB0O,Charlie,Brown,EDFP8@mail.com,+12063461866,505 Oak St
AR8HNGUO,Charlie,Davis,SCYMS@mail.com,+13498578137,655 Main St
9WLUW4YN,Charlie,Davis,HABIH@mail.com,+12181830928,220 Main St
B55E1TR6,Charlie,Williams,O4T2R@mail.com,+16458226784,434 Oak St
85P97F5A,Alice,Brown,AISXQ@mail.com,+11978168525,345 Pine St
ZG0R257T,David,Davis,SSY6N@mail.com,+19218631755,510 Oak St
201J5DKM,Bob,Williams,JYK57@mail.com,+14320270183,102 Pine St
1BTYFSNS,Jane,Davis,WP73G@mail.com,+13965480254,898 Oak St
LPFX3MVJ,John,Brown,73C5S@mail.com,+14352275185,433 Main St
CQ306QMK,Jane,Smith,CI83K@mail.com,+17407520655,282 Pine St
1N9VK0FM,John,Davis,4OAR3@mail.com,+14106755322,739 Pine St
519NAU3Q,Charlie,Johnson,C9QAQ@mail.com,+16579320496,500 Main St
KHIQXRSW,Bob,Johnson,DWXLM@mail.com,+13517788984,280 Oak St
40RBUEFO,Bob,Davis,22734@mail.com,+14339728500,202 Oak St
KDUM98DT,Bob,Johnson,FTIRC@mail.com,+18065622615,100 Pine St
5XC2A8YI,Jane,Davis,XW968@mail.com,+16165835554,167 Main St
9N86GM8H,Alice,Smith,46DH7@mail.com,+13903231980,884 Main St
YROH1KZD,Jane,Johnson,SD1EZ@mail.com,+18775081909,687 Oak St
C0QCAZOZ,Charlie,Williams,V10R2@mail.com,+12768269466,509 Main St
JC3FVHAK,Charlie,Brown,YPZX7@mail.com,+15175026602,215 Oak St
RASFTAMT,Bob,Johnson,KKYLR@mail.com,+14567188080,144 Pine St
ST5WEK9D,Alice,Brown,H3DZA@mail.com,+12412470020,641 Main St
OGFZCMA9,John,Brown,6ITUJ@mail.com,+11702506747,791 Main St
RGE1HH4I,Bob,Johnson,DYO2A@mail.com,+16457638916,758 Pine St
FRZ3RRHX,Bob,Brown,NR52W@mail.com,+17241029442,792 Pine St
TWWEH3EZ,Bob,Williams,LIXT4@mail.com,+15809334051,747 Oak St
RB6AS1EE,David,Williams,LSQNW@mail.com,+16643053329,527 Oak St
UPOK8JAJ,Jane,Smith,HEXE1@mail.com,+13221379624,114 Pine St
HTAZ3CFC,Jane,Johnson,LXJZT@mail.com,+11211059775,140 Pine St
5XZG0SZ6,Bob,Brown,CKW20@mail.com,+18120037132,264 Main St
PT75QSZC,Charlie,Smith,A47H3@mail.com,+17729856482,335 Pine St
RC8F68SL,Bob,Davis,L8PE8@mail.com,+13673192774,420 Main St
OXUW1QDW,Charlie,Johnson,95B8R@mail.com,+12032772682,186 Oak St
RMFQA51E,Alice,Smith,7684U@mail.com,+11734019213,952 Main St
90YPR2I4,Jane,Brown,YFMP0@mail.com,+13714214786,591 Main St
O4X69PA5,Bob,Johnson,GICTB@mail.com,+19146454749,794 Pine St
FM3STEV3,Bob,Smith,N0A44@mail.com,+17175735594,505 Pine St
ZMCF0GS8,Charlie,Brown,ET0HG@mail.com,+14953782572,466 Pine St
3NQQR06I,Bob,Johnson,9QZ36@mail.com,+19715547437,931 Main St
CAO5FA1A,Bob,Smith,VZBBE@mail.com,+15707632384,505 Main St
UN97R5GE,Charlie,Smith,QIQIO@mail.com,+18263579737,107 Pine St
O1BQYBPO,David,Davis,32P8R@mail.com,+18965742280,887 Pine St
3AWYRIWM,David,Brown,KOXQV@mail.com,+18253394819,486 Pine St
JOIMGR1Y,Bob,Brown,JSN0K@mail.com,+18345275029,490 Pine St
EB3I011G,John,Davis,GSFUB@mail.com,+17258364825,215 Pine St
H0XJEU0G,David,Williams,I2R2F@mail.com,+13445791182,101 Oak St
MSQNPZIK,David,Williams,7LXYH@mail.com,+14414046483,480 Pine St
37W1TV4E,Bob,Williams,7QKU0@mail.com,+18306310370,122 Pine St
RU0HM9XB,Jane,Davis,YXJOK@mail.com,+14092577805,420 Oak St
FM5LQUYQ,John,Williams,WF3GE@mail.com,+13947724572,201 Oak St
Y8XQFXYY,Jane,Williams,H7UTS@mail.com,+14234985057,908 Oak St
LADK6DT2,Bob,Williams,SXZYV@mail.com,+13598181804,615 Main St
6IYJCVN1,Alice,Brown,PAQAK@mail.com,+19048901607,820 Main St
NKCAZSPG,Jane,Davis,CR9SH@mail.com,+14618773360,508 Pine St
19Z0YBGB,Charlie,Davis,9ZE4C@mail.com,+18948222073,302 Oak St
JYZTES28,John,Williams,P5KZS@mail.com,+13246740718,961 Main St
PCDZIO49,Bob,Johnson,1YBXS@mail.com,+19969904218,133 Main St
3IK87VIM,Charlie,Johnson,70D6Q@mail.com,+17928094638,592 Pine St
W5AT0PIH,Charlie,Davis,MY0VM@mail.com,+12977320186,885 Main St
1DY8QZ0O,Alice,Smith,GJFSY@mail.com,+16602723074,609 Pine St
URW2R0BS,Alice,Brown,4YJGU@mail.com,+12475967412,333 Pine St
TTXGXJJU,Bob,Johnson,EQJWQ@mail.com,+14639256238,482 Main St
044BZSVP,John,Williams,1NGJZ@mail.com,+16131245225,847 Main St
OI7WUIMR,Jane,Johnson,49UJH@mail.com,+19852651704,747 Pine St
OWEZMMHH,David,Brown,XRLPW@mail.com,+16653198309,172 Oak St
YORHTNBT,Charlie,Davis,1OHKV@mail.com,+12843352047,768 Pine St
9AB3O085,David,Davis,6ERP7@mail.com,+12715455778,539 Main St
X4629BNT,David,Davis,O4G8E@mail.com,+12938227135,515 Main St
X9NWODTP,Charlie,Johnson,A3T70@mail.com,+15140916654,511 Pine St
A33YC647,Jane,Johnson,4X5S1@mail.com,+19957405224,738 Oak St
E5ZT79SF,Bob,Johnson,Y5IX2@mail.com,+13912595025,401 Main St
NUZJH3JS,David,Williams,2EQHS@mail.com,+15367595504,359 Oak St
Z4SX2ESE,Charlie,Williams,97PUL@mail.com,+12526557739,613 Main St
KK1GE02S,Bob,Brown,P3ERF@mail.com,+16754057776,385 Oak St
OEXKXWGL,Alice,Smith,Z4E9D@mail.com,+16743702895,259 Main St
S92JET38,John,Brown,7PK9I@mail.com,+17030514305,605 Pine St
6VQP4G9Z,John,Smith,ZYINC@mail.com,+16760873666,575 Oak St
G56UZDZM,David,Williams,LF1E1@mail.com,+13453061017,210 Oak St
FDMV0KUA,Bob,Brown,F42NT@mail.com,+16484079800,456 Pine St
2ICGYWSM,Charlie,Johnson,12N4L@mail.com,+13389918665,622 Oak St
TJNH78QV,John,Brown,HVJ1M@mail.com,+17573153259,113 Oak St
T5LT2XG9,Bob,Brown,4BPRW@mail.com,+17525486823,994 Pine St
IXPWH24V,David,Brown,ASABK@mail.com,+12733210067,790 Pine St
JNUWTWKE,Alice,Williams,MEHO1@mail.com,+13704556088,709 Main St
5YWII1SK,David,Williams,BS508@mail.com,+14977218959,890 Pine St
XJAK7RQ0,Charlie,Davis,8PSVF@mail.com,+15890842076,580 Main St
8MWHQFYA,Charlie,Johnson,KZBYG@mail.com,+17916176203,730 Oak St
3YZ8JAZK,Alice,Williams,ALEAA@mail.com,+18596339240,222 Pine St
XRBC5VKM,Bob,Brown,K2XAD@mail.com,+17422475991,258 Main St
12KCLB6T,Bob,Brown,C7ATV@mail.com,+14710469149,369 Pine St
IXTG9EV9,Charlie,Williams,WE0RT@mail.com,+14558370318,457 Oak St
U4X9HBF0,Charlie,Williams,332H8@mail.com,+11066862150,332 Oak St
B4JA8ZHM,David,Smith,RPVJA@mail.com,+19127521347,136 Pine St
21YBA80R,Jane,Johnson,4IDS5@mail.com,+19150931204,505 Main St
7OVC0V2O,Charlie,Davis,3Y8FA@mail.com,+11601917012,166 Main St
5M6JLNQJ,Jane,Williams,M1J4Y@mail.com,+11945696839,347 Main St
I8HP01RH,Jane,Williams,RUHOO@mail.com,+11899191047,211 Pine St
S4WLW6ZH,Charlie,Johnson,8QFF2@mail.com,+13252721933,956 Main St
5XB4T2YI,Charlie,Williams,8G0UK@mail.com,+13179686560,478 Oak St
G22ZR19Q,Charlie,Williams,NW7XB@mail.com,+17616973777,948 Oak St
ETU3CYW2,David,Smith,C006K@mail.com,+16019343837,976 Oak St
MFTDB768,John,Johnson,TL95Q@mail.com,+13877627036,558 Main St
8NNY0KNZ,Jane,Williams,EAHCR@mail.com,+14146469313,370 Oak St
BKHGXPK8,David,Davis,4946G@mail.com,+13745669339,560 Oak St
PR27SYUN,David,Smith,AEM4C@mail.com,+11138328579,157 Main St
77IALJM5,Bob,Smith,98VXN@mail.com,+14694272518,430 Pine St
3T2S6TM5,John,Smith,EWBZI@mail.com,+19508623607,202 Pine St
V1SA2O16,David,Johnson,XDU2U@mail.com,+12984821560,406 Oak St
H5THIUJ9,Alice,Davis,0OZXZ@mail.com,+18000423764,330 Oak St
HNWBJIRZ,John,Williams,2OA27@mail.com,+11453705132,325 Pine St
OBZQWI8K,Charlie,Williams,YX9FV@mail.com,+18989311891,876 Pine St
B1KMQGY9,John,Williams,J7W2M@mail.com,+15669679362,894 Pine St
YK47RZYY,Jane,Davis,6OR0X@mail.com,+16857953088,255 Pine St
NILI06TZ,Alice,Williams,PUS7C@mail.com,+13719547439,497 Pine St
VEQ3J0VC,David,Brown,R2BFX@mail.com,+12973759002,278 Main St
U4BXISQF,Bob,Williams,D9NG9@mail.com,+16359780142,685 Oak St
XVQWSIJY,Bob,Johnson,XMDXG@mail.com,+16817177423,985 Oak St
29X7ZV8F,Jane,Brown,EPJGV@mail.com,+16421618852,656 Pine St
2BOS8TQW,David,Davis,VICAQ@mail.com,+13911642701,443 Pine St
8H52IO8A,Alice,Johnson,D3MK5@mail.com,+13804104906,670 Pine St
WW2G3L0B,David,Smith,0GVVO@mail.com,+14358788070,752 Pine St
NS1V56Q9,John,Davis,5CGTZ@mail.com,+13205455661,328 Oak St
M0UUYZ8E,Jane,Johnson,0TDOH@mail.com,+13329710711,817 Oak St
50NHAQKQ,Charlie,Johnson,40T47@mail.com,+15864899954,270 Pine St
VHC9CXRF,Jane,Brown,WZQBS@mail.com,+13073739234,567 Main St
5TTA3ZYE,John,Davis,EY9L0@mail.com,+18292435545,310 Main St
ESCI5IKP,Jane,Smith,C5O1L@mail.com,+11518067595,279 Oak St
1CXR7WIC,Charlie,Smith,BSCLJ@mail.com,+19802465572,846 Main St
5DTF02HO,Bob,Brown,NXKWJ@mail.com,+19373675509,673 Main St
1GGLSSPV,David,Brown,IA3GU@mail.com,+11871213907,459 Main St
G6V8L62X,Charlie,Smith,QYZZD@mail.com,+15546708560,798 Main St
Y492AHVC,David,Johnson,9ZBR7@mail.com,+17529291176,285 Main St
RW4LBJSV,Jane,Brown,PTPDM@mail.com,+19639873195,702 Pine St
37EF6B29,David,Williams,BX2X9@mail.com,+19056734179,694 Oak St
ZMBFGR2H,Alice,Smith,C235K@mail.com,+13801196404,109 Pine St
2Z4FJELZ,Jane,Williams,BJK6K@mail.com,+19477934268,181 Oak St
HV2INMQE,David,Johnson,79454@mail.com,+19857821890,571 Oak St
4NT2HVMP,John,Davis,QRNSL@mail.com,+19213483164,381 Oak St
WTFOC3OE,Jane,Smith,JB2Y2@mail.com,+15135076094,635 Main St
FXY75398,John,Davis,GDC3J@mail.com,+11864868843,950 Main St
ZW01FJ0E,Charlie,Davis,T52AK@mail.com,+17162988712,454 Main St
91DR0DG0,Charlie,Johnson,G0JLM@mail.com,+19163707664,961 Pine St
TX4HC45L,Charlie,Johnson,W8OTM@mail.com,+12319512758,988 Oak St
761E3K4T,Charlie,Smith,9JK8B@mail.com,+18671435012,840 Oak St
S2WV8CFL,Bob,Smith,KHYNL@mail.com,+15348635541,646 Pine St
XGZ9AQ6N,Charlie,Johnson,Q1IM9@mail.com,+16193525290,343 Oak St
JQN4NDRG,Alice,Smith,X3D5T@mail.com,+14428681811,406 Pine St
F3WNYZ5P,John,Williams,2IUTA@mail.com,+18892858833,292 Pine St
HSOAKPLS,Alice,Smith,B9XMI@mail.com,+18191576071,783 Oak St
MA16D13V,David,Brown,EIOZQ@mail.com,+18420798701,283 Oak St
VQ9ZKA0C,John,Smith,6TM7E@mail.com,+19537092925,711 Pine St
HWLM7M09,Jane,Brown,71GV0@mail.com,+18962854403,641 Pine St
131PGWBJ,Charlie,Brown,H5G1R@mail.com,+11579119924,606 Oak St
NK27CLEH,David,Williams,65O9M@mail.com,+16885642544,112 Main St
ETJE61GN,Bob,Williams,ZW4AP@mail.com,+14103165097,462 Pine St
I79UTQVN,Bob,Davis,M2U6F@mail.com,+13601810857,601 Main St
4GB9XZOM,John,Williams,DUUUO@mail.com,+18182914528,127 Main St
6G45PLGH,Alice,Brown,1EVKQ@mail.com,+19812251688,152 Main St
6R1PEZAA,Jane,Brown,TDTXL@mail.com,+11589544260,550 Oak St
ZCZ6I5YN,John,Brown,BCIGA@mail.com,+12563293906,143 Main St
L20H6BWJ,John,Davis,QN9LM@mail.com,+11780711973,596 Main St
97X54SFL,Charlie,Smith,IKX6P@mail.com,+14784531789,706 Pine St
34BAP6LF,Bob,Brown,CIKVS@mail.com,+15097838291,732 Main St
LCG9WQUX,Alice,Williams,N5FG2@mail.com,+19169615232,839 Oak St
ZOKYGLJZ,John,Davis,WVLEE@mail.com,+16864769594,470 Oak St
26303BR4,John,Brown,6KE5T@mail.com,+14765567251,838 Oak St
M43D75IW,Bob,Brown,OJBSM@mail.com,+18326864671,254 Pine St
FSOVCEBL,Charlie,Smith,H7551@mail.com,+16128655581,246 Main St
MN6UESO8,Bob,Johnson,5PGMR@mail.com,+13317084342,909 Main St
BN1ZU0TT,David,Johnson,21BV6@mail.com,+12566180326,214 Main St
E1S3697Y,Bob,Williams,SAO79@mail.com,+18244886978,746 Pine St
QSDKLHRB,John,Johnson,27HNA@mail.com,+13786936997,870 Pine St
JSE71TR0,John,Davis,KYD9F@mail.com,+12875274213,248 Pine St
F2BZTNZE,David,Smith,8D7LZ@mail.com,+17780277761,131 Oak St
75TZUZC4,John,Williams,W83QB@mail.com,+19415887578,986 Pine St
R7OEZ6RT,Charlie,Brown,PB1V9@mail.com,+19137119697,645 Main St
JB1QQK52,Bob,Williams,YQSD9@mail.com,+11812952040,585 Pine St
5AWB37MF,Jane,Davis,3LQFA@mail.com,+12022575162,853 Oak St
AYU0B0RK,John,Brown,OIYUD@mail.com,+19031243078,114 Oak St
TFH3MW2P,David,Johnson,3X5OJ@mail.com,+12183384460,959 Main St
AT1LMXEG,John,Brown,M5XNW@mail.com,+12757833387,769 Oak St
ESFX3ZVU,Jane,Smith,VR819@mail.com,+11777851481,659 Pine St
XCJJ3TVB,Jane,Brown,MFFPO@mail.com,+13453121651,922 Pine St
KAVFYC5X,Charlie,Johnson,9494Y@mail.com,+12485994479,280 Pine St
GGNPKIUT,Bob,Johnson,KJVSC@mail.com,+15209559744,977 Main St
37QWMLNZ,Jane,Johnson,1SEEK@mail.com,+18111291766,857 Oak St
BJ1OADTN,Alice,Williams,84VJK@mail.com,+14124101484,750 Oak St
363I3QT6,David,Brown,G5MPC@mail.com,+15792057225,477 Main St
CNSXD638,Bob,Williams,80I33@mail.com,+13847612230,591 Pine St
DEXDFANL,Charlie,Davis,HVN2U@mail.com,+16745646886,414 Pine St
GI2JDL0W,Bob,Johnson,Y80H2@mail.com,+17235133502,203 Main St
7NY0W0Q9,Alice,Williams,XIYZR@mail.com,+19771084337,156 Main St
SBTGLE5J,Bob,Brown,S4QFQ@mail.com,+11126887361,423 Oak St
80E525AW,John,Brown,SJFE1@mail.com,+19666519611,456 Oak St
WCQ2QID5,Alice,Williams,DA2TD@mail.com,+15599223678,401 Main St
Q5P5243E,John,Brown,4QIVD@mail.com,+13212780425,871 Main St
3HDD5Y82,Bob,Johnson,JHDM1@mail.com,+19437456236,161 Oak St
PH49RP53,Charlie,Smith,R0IPA@mail.com,+16689046311,492 Oak St
4OTK3QP3,David,Smith,D5RW5@mail.com,+14598679318,918 Main St
VUHBGZMZ,John,Davis,A5RCP@mail.com,+14134300263,866 Main St
RINXXR5C,Charlie,Davis,ALIAI@mail.com,+11834845164,279 Pine St
L7KCJRX9,Jane,Johnson,H4PL7@mail.com,+15032328669,150 Pine St
D7LIZJCA,Charlie,Davis,4MPZD@mail.com,+14343666776,866 Main St
41Y50MQP,Bob,Davis,TU4TF@mail.com,+12375407591,978 Pine St
84HJ2Q0G,Jane,Brown,9OYH3@mail.com,+14982711817,325 Pine St
IJ4QA2WZ,Bob,Smith,A48Q4@mail.com,+13273990659,225 Main St
APBUIYAU,Bob,Smith,W38C8@mail.com,+14957165735,203 Oak St
7UNRSMTI,Alice,Davis,AALDH@mail.com,+14743279218,469 Main St
6T9H01RR,Alice,Williams,GLE3V@mail.com,+19485087167,756 Oak St
QG6369PO,Alice,Brown,7EQ6H@mail.com,+18660705932,794 Pine St
0BAADNBP,Charlie,Davis,78410@mail.com,+13202656977,336 Pine St
A1LU88JP,Charlie,Davis,E01D6@mail.com,+19204136338,578 Main St
NJUJ8T8S,Jane,Williams,HP81H@mail.com,+14169618865,940 Pine St
RSTD2U9T,David,Brown,02THU@mail.com,+18257645328,631 Oak St
QLCCV6LP,Jane,Johnson,O61NL@mail.com,+18908222347,479 Main St
6CJMR4H1,Bob,Brown,9TQWP@mail.com,+19409406735,647 Oak St
J1IUBHIC,David,Williams,PBBWZ@mail.com,+11607999906,578 Main St
C4WLM4GQ,Bob,Johnson,D134I@mail.com,+15130796355,503 Pine St
N16KA433,Charlie,Johnson,D02S8@mail.com,+19466328857,854 Oak St
4S7SF5SS,Jane,Smith,QIRO1@mail.com,+19806419516,715 Oak St
UD574QX2,Charlie,Johnson,BMDXM@mail.com,+18207090520,981 Main St
K0FM5MX8,Charlie,Brown,GCWPO@mail.com,+12375432386,975 Pine St
KK2FLFUZ,Alice,Johnson,4CICJ@mail.com,+15096753527,296 Oak St
XQ7QK1EA,Alice,Smith,XZ8GM@mail.com,+13419281685,607 Main St
SDYEI39Z,David,Brown,QMNK9@mail.com,+18280338785,692 Oak St
1DGIDUJ5,Bob,Johnson,3VIVM@mail.com,+12495390254,413 Oak St
ELEZ2O5Y,Charlie,Johnson,EAD7F@mail.com,+14430241122,219 Main St
28R61E6F,Jane,Williams,0FJX0@mail.com,+17254655307,685 Oak St
RDFPOVCS,Alice,Williams,8VR8L@mail.com,+12899673165,687 Oak St
2U0BOAR4,Jane,Williams,OGJVI@mail.com,+18644136199,918 Oak St
24LDU9BF,Jane,Davis,1U0AE@mail.com,+13899192434,226 Pine St
FGZTWVQR,John,Davis,31DY2@mail.com,+12212997841,390 Pine St
JH6UVEYP,David,Williams,R3GIC@mail.com,+11942623750,239 Main St
EM3YL9D3,John,Johnson,B6JFT@mail.com,+13412552707,742 Oak St
KAYKN1V9,Alice,Williams,A2U7N@mail.com,+12092810212,162 Main St
AQUALUUG,David,Williams,P62BA@mail.com,+15813919662,645 Pine St
8N02WY2H,Jane,Johnson,HLLXQ@mail.com,+11335237823,728 Main St
86AKGKUN,Alice,Johnson,69AQU@mail.com,+14065586732,539 Oak St
52RE0B8F,Charlie,Johnson,5IE2E@mail.com,+19684516838,655 Pine St
97X6SESR,Charlie,Smith,38GD0@mail.com,+17962630793,276 Main St
4G4HK3BR,John,Williams,3GUNX@mail.com,+16005750568,272 Main St
P3SNQOG2,David,Smith,WH91C@mail.com,+12028863378,752 Main St
9C2IO1FD,Charlie,Brown,DRCOA@mail.com,+18122765377,152 Main St
EFVLGC7E,Charlie,Davis,0WHMA@mail.com,+19192845608,644 Main St
6Z3ZPSY9,Bob,Brown,CXD2C@mail.com,+19989283241,392 Pine St
77JPNV2K,Alice,Williams,EPUU7@mail.com,+12502865683,934 Main St
S1G9KXW7,John,Johnson,WXNLW@mail.com,+15301923861,700 Pine St
WEM8DOYK,John,Johnson,HYB65@mail.com,+13230781494,264 Oak St
3I6PQD22,Alice,Brown,TUMAD@mail.com,+12457579872,106 Main St
YAQLXTL8,Charlie,Williams,K6EUO@mail.com,+13547953537,772 Oak St
MHKFO2K7,Bob,Smith,H27ER@mail.com,+12748016637,725 Oak St
PAU665YB,David,Johnson,C7QWN@mail.com,+11473767423,567 Pine St
MU62ZLRM,Jane,Davis,EJNY3@mail.com,+17362060880,369 Oak St
CAY0SPN5,Jane,Williams,BDFAM@mail.com,+11648042788,561 Oak St
392W6N3E,Jane,Williams,R643P@mail.com,+18166101329,477 Oak St
X23IWDXB,David,Davis,RCY5W@mail.com,+12180018210,978 Oak St
MNJ4TM1J,Charlie,Johnson,72COL@mail.com,+16012554705,658 Main St
RILHHY9R,John,Brown,GEX2B@mail.com,+13891169901,779 Oak St
SZOKJG7I,Alice,Smith,96CVQ@mail.com,+18234840978,425 Pine St
6CZCNFGP,John,Williams,BZ090@mail.com,+19770490543,146 Oak St
I5A6M644,Charlie,Williams,SQL5I@mail.com,+16372169816,767 Main St
RCKTMY1I,Alice,Johnson,ND7LS@mail.com,+19152291896,637 Pine St
5IAV88H0,Bob,Brown,9VHYR@mail.com,+15557282280,572 Main St
BABCGOP5,Bob,Williams,F8H5X@mail.com,+11897254239,485 Main St
2Z07B7O0,John,Brown,Z4P4H@mail.com,+19165178728,362 Pine St
1KAL28JJ,Alice,Davis,NOQ41@mail.com,+13502448701,404 Pine St
U520RY1M,David,Smith,ZBV0Z@mail.com,+16518217068,542 Main St
X05AEAEE,Jane,Johnson,LYJRS@mail.com,+14767279315,620 Main St
DCDOQ0IK,Alice,Johnson,YTK27@mail.com,+13433460732,441 Oak St
73LI7BAE,David,Johnson,WHQM0@mail.com,+14158484237,989 Oak St
2W566NUQ,Alice,Williams,9DSDU@mail.com,+14125696237,673 Oak St
VWP1RKKV,John,Davis,WUPLE@mail.com,+19060744015,965 Oak St
YHC3JFBF,Alice,Johnson,6E553@mail.com,+11238901938,375 Oak St
JAR6QAI5,Jane,Williams,TTOPY@mail.com,+18807934659,500 Oak St
Z8DTNGIA,Jane,Davis,AKOJP@mail.com,+13485901474,904 Pine St
ZGC3WMMP,Bob,Williams,3AA6X@mail.com,+19540170629,262 Pine St
Z3L1UEPH,John,Smith,6FWAY@mail.com,+14958694983,980 Oak St
