Product_ID,Product_Name,Category,Price
FGFCQEH1,Monitor,Accessories,977.97
96C0YVVJ,Keyboard,Accessories,1456.13
2KVHWI35,Headphones,Computers,1884.99
4TOCZFY0,Laptop,Computers,504.87
BQ2N3E39,Keyboard,Computers,1241.36
E80CBMMR,Headphones,Computers,216.1
GJYQG9TM,Keyboard,Electronics,1486.38
Q9DJLKAT,Keyboard,Computers,1199.84
KUP2EOB0,Tablet,Computers,1081.33
RDDMGBHK,Tablet,Computers,898.13
1XHK8AZ8,Smartphone,Accessories,1082.77
A1NJY1V4,Monitor,Electronics,1309.21
AB0N9GX4,Laptop,Computers,1270.79
3ML1QOZA,Headphones,Electronics,824.81
PNTK9HAX,Headphones,Accessories,60.62
ASWIP4OY,Monitor,Accessories,1346.77
1MBGLRNQ,Headphones,Computers,318.25
GNJI0FXF,Keyboard,Computers,375.4
8NUS24DC,Smartphone,Accessories,66.53
YGVDXK3X,Keyboard,Computers,521.86
Y7L944VO,Tablet,Electronics,1842.18
XQZR5ABR,Smartphone,Computers,114.11
QU558YDQ,Keyboard,Electronics,334.86
Z2SIL28W,Laptop,Electronics,1217.65
XIBWU6R6,Smartphone,Electronics,1957.74
DD4KBV8P,Monitor,Electronics,478.14
WRS1F2PY,Headphones,Electronics,387.04
PXV2HQTU,Monitor,Accessories,392.64
5CJW5TW5,Smartphone,Computers,385.69
1UDPJ96H,Tablet,Computers,1121.29
HC04EO89,Headphones,Electronics,1666.46
C4KNRO78,Keyboard,Electronics,1960.6
5ABTWY7Q,Monitor,Computers,1117.03
US2IY61Q,Laptop,Electronics,1319.16
DEO6PXYR,Keyboard,Accessories,1954.32
04VV38PR,Laptop,Electronics,1574.59
FCL64GFA,Monitor,Accessories,431.8
GDDG7RY8,Monitor,Electronics,1497.98
BMUVPQ9D,Headphones,Accessories,1992.84
X0UI2EI2,Keyboard,Computers,631.21
L2GQZPA1,Keyboard,Accessories,788.37
BBMVTJVK,Headphones,Electronics,1360.56
IS58NS53,Monitor,Accessories,590.77
ARIVAZEU,Smartphone,Electronics,435.03
5XJ3OLV4,Tablet,Accessories,1855.85
ADX4VS0W,Smartphone,Electronics,738.66
21Z39JOS,Laptop,Electronics,537.85
YAV40LPB,Keyboard,Computers,1064.27
SOCGDBIV,Headphones,Computers,598.05
5K31UN5Y,Smartphone,Computers,798.41
93WE7QD3,Smartphone,Accessories,317.18
8B91VFQ2,Laptop,Computers,289.24
H7T6R2BQ,Smartphone,Electronics,99.31
L7LHS9T0,Laptop,Computers,1585.77
1U6GX8TW,Keyboard,Computers,1820.27
UCVCX3CG,Tablet,Computers,663.96
A0QLXSCI,Tablet,Electronics,1383.19
81A6EVRI,Keyboard,Computers,1948.96
78KX41X4,Smartphone,Computers,1712.9
Y2BK7O1Q,Smartphone,Electronics,1073.92
1Y0U0DWH,Laptop,Electronics,1919.27
N5JG1IS4,Tablet,Accessories,999.78
YD11GKWU,Tablet,Computers,1703.1
K6S3ZDQR,Headphones,Accessories,1424.73
U0WUM8GB,Monitor,Computers,1337.15
TKPVQ25L,Headphones,Accessories,1319.95
LIYFPUOQ,Tablet,Computers,872.15
IYQNAZLO,Keyboard,Electronics,577.26
KRXQZCBZ,Smartphone,Electronics,1522.9
D0JLLOET,Laptop,Computers,1321.54
6KYNB37G,Keyboard,Electronics,1632.57
A9SM38QY,Headphones,Electronics,555.0
9B0CSDDL,Headphones,Accessories,495.16
AL7PD2QA,Tablet,Computers,116.63
PY06OD88,Monitor,Accessories,1998.08
IA75BTL3,Keyboard,Computers,789.45
FGD2XQ3W,Monitor,Computers,873.42
4H453JRT,Tablet,Accessories,370.93
SVJ0GRYU,Smartphone,Accessories,432.53
HYN93D48,Monitor,Accessories,156.36
78MLC285,Laptop,Accessories,1526.56
PJM1FRCA,Keyboard,Electronics,1942.44
RKRA7BV9,Monitor,Accessories,1325.1
HZUS5Z94,Laptop,Electronics,1171.32
RQIGA4P1,Keyboard,Accessories,1231.48
FN13WYHE,Monitor,Computers,1216.42
B3IBYF3E,Headphones,Electronics,1946.7
02ZDZCKY,Laptop,Computers,1899.94
41AYFSEM,Laptop,Accessories,966.6
0OB12CLV,Smartphone,Computers,829.65
TY5T6VLJ,Smartphone,Computers,350.06
DC5JJWE0,Monitor,Electronics,211.59
47NMHVKV,Laptop,Computers,1313.49
R6P3SYSP,Monitor,Computers,1837.69
PYPXPU29,Monitor,Electronics,1565.84
V3LTXJ6J,Headphones,Electronics,1554.22
AX1F64W8,Keyboard,Electronics,781.3
4Z6ZKGAB,Monitor,Accessories,1976.84
UC9R6QPP,Monitor,Electronics,178.34
FWH5QO63,Tablet,Electronics,1184.98
2RFVM8UA,Tablet,Electronics,765.76
WI94GVD3,Laptop,Electronics,413.87
ATOX6CER,Smartphone,Computers,504.91
02CC6KO6,Keyboard,Electronics,341.95
I7U240QF,Laptop,Computers,336.23
8IKEZT21,Headphones,Computers,1783.45
WDU7N8RA,Smartphone,Accessories,1254.07
CXAG0FPK,Tablet,Accessories,510.45
75UI5K4P,Monitor,Accessories,1351.06
Z10YJ8NG,Keyboard,Electronics,124.37
ZI5L1IR9,Monitor,Computers,1414.66
4S99Y1Z4,Keyboard,Accessories,1825.15
8JN2DCMJ,Headphones,Computers,1109.14
2NQG5KDC,Headphones,Accessories,281.86
6ZINAZKL,Headphones,Electronics,1070.74
JDOKYBFD,Headphones,Computers,1267.5
KYN2AK2K,Keyboard,Accessories,1160.06
6NT41GHM,Headphones,Computers,221.02
E1DC9VZM,Headphones,Computers,1654.71
PHBTKZQA,Smartphone,Electronics,242.08
OJBQETGO,Laptop,Electronics,611.58
YX4MEDPF,Headphones,Electronics,1310.03
GYZL9WRH,Headphones,Accessories,1619.0
9CYTQ489,Keyboard,Computers,159.22
1PZL8T3J,Tablet,Accessories,674.5
OF4K8D4J,Headphones,Electronics,745.88
6S4A2MQN,Laptop,Electronics,1202.11
Q9GM95FF,Laptop,Computers,223.52
RYRQ4POX,Keyboard,Computers,1830.26
OB89W89K,Headphones,Accessories,1534.24
6I19OP4O,Keyboard,Electronics,1410.79
S5MEMGTP,Tablet,Accessories,575.33
9OE8G2X8,Keyboard,Accessories,1540.15
10AXRKLW,Smartphone,Computers,1013.93
50I5WYA8,Keyboard,Accessories,533.9
VZVEM4BO,Smartphone,Computers,1027.66
Q4E7BLCJ,Headphones,Electronics,1578.04
OHVMZ27U,Smartphone,Accessories,313.32
FTT6U2K8,Smartphone,Electronics,1036.9
BSTDMYYX,Tablet,Computers,1188.21
QJ30FIX5,Tablet,Accessories,110.33
HNAX5UVQ,Monitor,Electronics,236.97
ILTYWP1A,Tablet,Computers,1876.89
A17FQ7G7,Keyboard,Accessories,276.22
UNZW12M8,Headphones,Electronics,1176.41
TBUIRDYN,Monitor,Electronics,1125.15
MCRNP0TO,Laptop,Computers,968.34
2F0FFNBZ,Laptop,Accessories,595.5
N5ZPVXJU,Tablet,Accessories,1260.04
UMUX6S4S,Laptop,Computers,1516.06
N2ZMG3JB,Keyboard,Electronics,391.95
2HYL0760,Monitor,Computers,1764.31
Q1IAM9CU,Smartphone,Accessories,740.94
NZBZ91J8,Smartphone,Electronics,864.19
PZ7CIWKX,Keyboard,Electronics,1341.85
1AC5D0ZT,Monitor,Computers,986.57
WF96ZPZ5,Monitor,Computers,642.64
N1YAMW45,Tablet,Electronics,397.65
N9TAU1YF,Laptop,Accessories,1567.55
6Z54I8X8,Headphones,Electronics,791.48
F1FUEMEY,Smartphone,Computers,148.77
NQ725VUG,Smartphone,Electronics,134.09
007FGNPN,Tablet,Electronics,1807.16
TOVH6QER,Headphones,Accessories,1122.25
7SWDQOIQ,Smartphone,Computers,1913.83
H1HG0SIN,Tablet,Computers,1437.47
9XHX48U8,Headphones,Electronics,556.62
F0XTI662,Smartphone,Accessories,151.57
3UCGYWI2,Keyboard,Computers,328.47
PILCXB21,Keyboard,Electronics,386.3
JDZ5ECVC,Laptop,Electronics,151.91
2ACLEMSR,Smartphone,Computers,1317.13
IXJEI9OJ,Laptop,Computers,137.16
51CD3A5S,Laptop,Accessories,1586.76
7G7J9FGC,Monitor,Accessories,1245.85
AQHU2ICW,Headphones,Computers,761.81
XRQOO90G,Laptop,Electronics,209.66
NKGEX874,Laptop,Accessories,1154.51
X421BVRV,Monitor,Computers,1515.14
3CHPWJ4M,Tablet,Electronics,1523.91
O449MV2M,Keyboard,Accessories,1160.05
IQRP5MCY,Smartphone,Electronics,253.68
269QD99K,Monitor,Computers,1551.11
Y1E36Y4W,Headphones,Electronics,1533.27
E7BN63VG,Monitor,Electronics,533.18
LBD85ST5,Keyboard,Accessories,446.48
4UXTSVOR,Tablet,Computers,90.29
FBQ5S0XB,Keyboard,Computers,1344.88
5POL0SVT,Monitor,Accessories,1667.7
QHYE7AE6,Headphones,Computers,1990.92
T551LDOD,Laptop,Electronics,1045.38
PQ2TFQW4,Tablet,Accessories,514.65
4RD2SHAN,Keyboard,Electronics,569.17
L1PYNLAL,Smartphone,Electronics,981.04
G9V32FGO,Keyboard,Computers,752.25
3AQK50SA,Tablet,Computers,1799.12
CKW9T8IH,Tablet,Accessories,444.66
OAILU8WW,Laptop,Electronics,1435.48
AYTOLZV3,Monitor,Electronics,381.92
077M41OW,Monitor,Accessories,1131.45
R3LNSINC,Tablet,Computers,778.69
8MNXGJA9,Headphones,Electronics,1719.39
KM1D69R7,Laptop,Accessories,477.39
5BJWG39X,Keyboard,Computers,1083.83
DBN4C2FS,Monitor,Accessories,805.27
X5JUNTAV,Smartphone,Accessories,729.4
5OEPZMTR,Keyboard,Accessories,916.28
LLL7DAIQ,Smartphone,Accessories,410.09
0611UIKS,Keyboard,Accessories,1648.57
1H65UZ0F,Monitor,Electronics,580.34
NBYYMAEW,Tablet,Computers,171.51
V4H9LLJ8,Headphones,Electronics,1669.39
Y258GT0U,Monitor,Electronics,691.36
QFQVRN5C,Keyboard,Accessories,225.13
LJCOL3G0,Tablet,Accessories,1563.41
ZPRCWZLQ,Keyboard,Accessories,1586.25
KFLUFE3G,Tablet,Accessories,548.06
ODHVSW2I,Smartphone,Computers,1312.91
2L6WSFVE,Monitor,Computers,1478.96
734ILLSK,Tablet,Accessories,788.66
0H0GK9G6,Laptop,Electronics,133.16
KE9S0MHJ,Smartphone,Computers,1360.74
LBN9EEAG,Monitor,Accessories,1374.27
TWHPOWD9,Keyboard,Accessories,1917.16
O4GQ33ZH,Tablet,Computers,1886.1
EGL19ATF,Tablet,Electronics,1625.79
ECC0B2AA,Headphones,Computers,391.13
L3Z8KKK0,Keyboard,Electronics,1978.03
FL8IJ8HY,Monitor,Computers,345.88
X635V4TU,Monitor,Accessories,1346.53
519T8YDU,Keyboard,Accessories,1630.87
6RCOGG6U,Laptop,Accessories,1954.54
BXPAE8JW,Monitor,Accessories,1031.32
T26AXPM1,Headphones,Computers,1419.47
SEZVNO2I,Smartphone,Accessories,981.1
7LPF5S3B,Headphones,Computers,107.89
JRZX31JX,Headphones,Accessories,1585.24
SO5K0E9N,Keyboard,Electronics,1153.87
9AOTFA5E,Monitor,Accessories,741.23
VPGS6PMU,Keyboard,Computers,461.01
JC3IC3KB,Keyboard,Computers,1358.5
EH522MKZ,Monitor,Electronics,895.08
5YRTVB7A,Tablet,Computers,1574.39
3G12IQMI,Keyboard,Computers,388.11
U3TTZ83J,Headphones,Electronics,1467.22
9F8HU8Q8,Smartphone,Accessories,1075.31
M3EVEYA6,Monitor,Accessories,1280.25
QT5HDGG0,Headphones,Electronics,437.12
SLZ1VJZD,Smartphone,Accessories,549.52
7SKO6U2I,Keyboard,Electronics,335.4
ECTP5V2K,Tablet,Electronics,1753.44
LFHHOZQ0,Headphones,Electronics,415.22
5X3VTVBH,Headphones,Electronics,1556.67
CWC72G0S,Laptop,Computers,1776.76
VWPW1Z5C,Smartphone,Accessories,855.07
35HOOIF8,Monitor,Electronics,1293.97
R0TOBDXP,Headphones,Electronics,811.32
5S48AWT4,Headphones,Accessories,1652.23
VC348BR3,Headphones,Computers,1571.73
AA6FDQIK,Laptop,Accessories,261.2
NG0HN5V2,Monitor,Computers,430.88
42IJ2QZT,Headphones,Accessories,1826.74
2KSII7VZ,Smartphone,Accessories,508.6
39JL5I76,Monitor,Computers,1849.25
G7IHAGA5,Tablet,Electronics,1195.76
18JFS1SM,Tablet,Computers,1020.14
ZZPTLJDY,Keyboard,Computers,856.82
VNGY1UI1,Tablet,Computers,289.02
HECOB89R,Smartphone,Accessories,1504.45
LD6WV8CA,Tablet,Electronics,987.78
0CVIU6H9,Smartphone,Electronics,1371.63
RSFAS2OU,Monitor,Electronics,1471.65
EN1WB25K,Keyboard,Accessories,348.89
9MO5G060,Smartphone,Electronics,420.36
SHCTMX4H,Headphones,Electronics,1866.82
S9LYFOQE,Laptop,Accessories,1006.37
WT2E4GZV,Smartphone,Computers,405.11
YQA66PX3,Tablet,Accessories,575.61
85O1VQ9O,Headphones,Accessories,223.12
RP5UZNQY,Headphones,Computers,1072.98
KXZPWNLY,Tablet,Electronics,1608.14
ZUYBZZRW,Monitor,Electronics,1712.68
8FUKU602,Headphones,Accessories,1417.13
IP21Q67T,Tablet,Electronics,1860.46
A212PFAH,Headphones,Electronics,445.92
AEU57MOK,Monitor,Accessories,530.41
HVWL0NF9,Tablet,Computers,321.02
YG31ZBKG,Keyboard,Computers,1011.76
WI680GEF,Smartphone,Accessories,800.83
Q5JCVID5,Monitor,Electronics,1503.63
3DLZC6E3,Laptop,Accessories,835.01
G8BZZ0R7,Smartphone,Electronics,1261.61
E1SJOT92,Keyboard,Electronics,974.93
8MYU7NWV,Monitor,Accessories,445.0
0GNSGCAQ,Monitor,Computers,800.69
H37T9O8U,Laptop,Computers,1437.5
T91P50CI,Smartphone,Electronics,1381.09
YHLK9ILT,Smartphone,Accessories,811.01
5FL1MNLR,Keyboard,Electronics,411.46
8ZFI3X9N,Laptop,Accessories,964.71
XWKJZF7U,Laptop,Computers,428.16
EKRIP02J,Headphones,Accessories,552.25
X9NLL75C,Smartphone,Computers,634.12
A0RQ103Z,Tablet,Electronics,1483.4
FTOXEI75,Smartphone,Accessories,375.04
O0AB349O,Laptop,Computers,123.76
NZE58SE6,Tablet,Accessories,728.85
ESYQ0UL0,Headphones,Computers,1205.8
G2KZ4DTY,Smartphone,Computers,312.08
8PD6RUHB,Smartphone,Accessories,736.54
TL238O0H,Keyboard,Accessories,307.14
IT79ZADG,Smartphone,Accessories,976.8
65DXPZ50,Keyboard,Accessories,498.76
09GSBLFA,Laptop,Computers,50.46
6DV75BWC,Smartphone,Accessories,773.82
ZQK3Y07W,Headphones,Accessories,542.7
2RM4C1T4,Headphones,Accessories,1434.79
9CYU4RIP,Smartphone,Computers,1665.23
A0YJKI8X,Laptop,Accessories,1499.52
XNH4SIW7,Laptop,Electronics,238.25
8J6QA7AG,Monitor,Computers,232.06
HZJM5WEW,Smartphone,Computers,800.56
Q62AQS17,Smartphone,Computers,1173.61
36D5FJRT,Keyboard,Computers,1164.43
ZL1EAPXL,Tablet,Computers,330.31
ZB669UWB,Smartphone,Accessories,776.92
LMURQBAW,Headphones,Computers,833.91
X1LW7XVW,Keyboard,Accessories,872.67
GK5576TO,Headphones,Accessories,1363.76
RO9I6NQI,Smartphone,Computers,1057.52
WDOGM8J9,Laptop,Accessories,50.28
T6D52ARR,Monitor,Computers,1103.84
DG95TN9P,Keyboard,Electronics,744.9
Z5WX43S4,Tablet,Accessories,1472.57
Z40V4ZFK,Monitor,Accessories,1420.84
DT8VGL43,Headphones,Accessories,1248.75
HF9B6EPK,Headphones,Electronics,1973.03
Z4JTDMMM,Tablet,Accessories,1341.41
KPHRRUJE,Keyboard,Electronics,106.52
T0KRYEV0,Headphones,Accessories,1810.26
ZAV3RZEH,Headphones,Accessories,1581.18
1NK3FQUR,Keyboard,Accessories,710.71
8AG8YIXW,Tablet,Computers,192.25
AT6FXY1U,Tablet,Electronics,1368.4
LGZ4ZJ9K,Monitor,Computers,307.75
R6DCLKLT,Tablet,Accessories,867.45
ADGI3YIB,Tablet,Accessories,1067.09
KK82PH7C,Monitor,Accessories,187.03
H8PJRF5B,Monitor,Electronics,713.71
W06TDB3S,Laptop,Accessories,955.34
Y1OU6C83,Keyboard,Computers,355.38
MAN0F938,Headphones,Electronics,943.9
QLOCF8PM,Monitor,Computers,766.8
WS8WLX90,Monitor,Accessories,1142.07
BEMGLMYF,Monitor,Electronics,586.4
VXT5CI21,Headphones,Computers,1790.36
GXEB7OW9,Monitor,Electronics,892.75
M198R4Y6,Monitor,Accessories,1462.4
UIOLZ06W,Headphones,Electronics,162.95
65WA1SSQ,Monitor,Electronics,1960.41
VF6ZUJ5T,Tablet,Electronics,626.22
CDBVL8F0,Monitor,Electronics,241.78
7I841SJW,Smartphone,Electronics,1550.92
U61OATJR,Smartphone,Computers,760.75
RTN6J60H,Smartphone,Computers,1293.35
0NZFFGK5,Keyboard,Computers,565.89
DWNRWECE,Laptop,Accessories,649.93
L38LNSYY,Monitor,Electronics,1258.1
6S2BADS9,Laptop,Accessories,1553.2
0A3CIO3A,Tablet,Accessories,1133.94
60OL2B3E,Tablet,Accessories,1093.18
XUDSEUCI,Headphones,Electronics,1556.26
K885QWWR,Tablet,Computers,1735.98
W45QE2YN,Monitor,Accessories,501.83
LSJNMLYT,Keyboard,Electronics,1694.0
R5OSKT4T,Keyboard,Accessories,300.03
EV4U18FD,Smartphone,Electronics,1525.8
1O1VQHTR,Headphones,Accessories,314.1
VM37R1UW,Laptop,Electronics,1652.41
58VQXKGP,Laptop,Computers,1965.98
THJUYM7T,Smartphone,Computers,918.6
QA8E5EKJ,Laptop,Accessories,173.5
DJEFOQWM,Headphones,Electronics,1465.95
88O6KMVV,Monitor,Computers,1223.01
O3LORWY1,Laptop,Computers,160.08
NN7J8GLJ,Laptop,Accessories,370.29
97DYDUA3,Headphones,Electronics,1920.7
84FC3MKF,Headphones,Electronics,933.02
QD82AZSH,Monitor,Computers,1870.46
L13Z58CJ,Headphones,Accessories,347.73
9XPL7242,Tablet,Computers,650.07
R9H8EKA1,Laptop,Computers,1883.1
359X2CRZ,Tablet,Electronics,1949.08
5NJXLJWL,Tablet,Computers,1705.65
EIVQNHO6,Laptop,Computers,292.79
XLTIS75V,Headphones,Accessories,1712.05
2G41AXKQ,Smartphone,Electronics,178.44
T481FP0E,Keyboard,Electronics,129.51
RO6GC6O2,Laptop,Electronics,507.23
XTCZNW2I,Laptop,Accessories,1752.47
C2P5MSOP,Smartphone,Electronics,1559.33
1CS766OF,Keyboard,Accessories,415.21
FKQYYT4J,Monitor,Computers,1499.49
1554LRZO,Smartphone,Electronics,1337.82
DTLBW6L7,Tablet,Accessories,1215.91
ARCQ43JM,Keyboard,Electronics,911.75
1GXZEDV9,Headphones,Electronics,1268.16
5FMPUF1K,Tablet,Computers,1754.28
D81RARRY,Monitor,Electronics,1104.62
HKAZV74X,Laptop,Electronics,135.08
D5RJN4V0,Keyboard,Computers,1974.29
V4BP9J3F,Monitor,Electronics,546.86
EIS8KHBW,Headphones,Electronics,1565.37
8QJ5I82M,Laptop,Accessories,1968.01
XPYD6KDO,Smartphone,Computers,1464.98
RXM3WJDN,Smartphone,Electronics,801.11
04UPNAGL,Keyboard,Accessories,1581.38
VYP0O2KF,Smartphone,Computers,307.33
13ALUK3P,Monitor,Electronics,1381.08
UZNGFSWZ,Smartphone,Accessories,1010.28
R46Z58XU,Laptop,Electronics,462.05
HRKAMMEN,Keyboard,Computers,1092.53
USN1D9FR,Tablet,Computers,535.84
S2APV8PG,Headphones,Accessories,1243.21
ZGP50QCG,Smartphone,Accessories,176.77
E8FI0G8B,Tablet,Electronics,183.62
9SK86NEN,Tablet,Accessories,1032.82
YMH8MARM,Tablet,Accessories,1584.48
F4DQ1J1E,Headphones,Electronics,1865.38
UPXPRL2O,Tablet,Accessories,1954.74
JZGYQX56,Headphones,Accessories,67.0
F0BWUXCM,Smartphone,Accessories,770.11
4WZ01E33,Tablet,Computers,118.15
PVIEHGSB,Laptop,Accessories,995.69
UBFMOD0S,Keyboard,Electronics,1286.17
M3RVLAZ8,Keyboard,Accessories,231.04
TD7YTXR5,Tablet,Accessories,1840.96
PPW0CRTF,Headphones,Computers,1641.74
E36Q5OHS,Keyboard,Computers,1890.97
KPPT6ZBP,Tablet,Electronics,1136.23
EXJI3M9W,Headphones,Accessories,1026.51
8KYH1LGD,Smartphone,Computers,202.9
B2ZO6Y91,Headphones,Computers,1804.06
DF3496BF,Laptop,Accessories,1362.5
X9YL0BHJ,Tablet,Accessories,1843.55
SB6RKBHO,Laptop,Electronics,934.46
N3EVAUR5,Monitor,Accessories,1430.2
UK2X0FD5,Laptop,Accessories,382.33
EKD0J16P,Tablet,Electronics,1570.52
ZEL4KX95,Headphones,Computers,1074.48
5I29U1VG,Keyboard,Computers,1787.21
U5UQCZUS,Monitor,Electronics,79.51
DKKVJOIR,Headphones,Accessories,753.6
JX8V7K39,Headphones,Electronics,529.94
MZOYYOYZ,Tablet,Electronics,1450.56
T9KSDQMW,Headphones,Computers,1682.27
IXDKZEYK,Tablet,Electronics,1294.88
OKSG4LDT,Monitor,Accessories,517.89
DJDS6PB8,Laptop,Electronics,1018.56
E801VCYB,Monitor,Electronics,326.79
V99SBJ6O,Smartphone,Computers,886.73
FE9I3U2Z,Monitor,Accessories,1754.08
G6RIXT72,Laptop,Electronics,841.86
TWVPFYK5,Keyboard,Computers,631.32
5QNJSID5,Laptop,Computers,1600.74
618KSLFZ,Monitor,Accessories,624.15
K29VZ52Q,Smartphone,Computers,69.36
YDT8XSL7,Monitor,Accessories,1504.53
2LOM5RR2,Headphones,Electronics,598.49
KK9NWTZD,Headphones,Accessories,1584.19
VZPJQLYB,Headphones,Accessories,1642.51
G3ONR7H1,Smartphone,Electronics,1980.68
MISYYWYN,Smartphone,Accessories,1745.45
6Y02CKWI,Laptop,Electronics,344.02
RVB870H9,Tablet,Computers,785.09
LRU4OLZP,Smartphone,Accessories,732.48
5JQCJH9U,Smartphone,Computers,1624.43
N5O8NAPT,Keyboard,Accessories,999.57
UQKJSCI4,Laptop,Computers,396.05
FZL58GMI,Headphones,Accessories,1759.62
QV1SBH64,Monitor,Electronics,1509.86
NXEMYCV5,Laptop,Accessories,668.68
3LB8VKDR,Smartphone,Computers,54.16
8S8ICBV2,Keyboard,Electronics,1180.14
9ZS6Q4ZX,Tablet,Computers,145.33
83MMZF1L,Smartphone,Accessories,1841.61
O93UV51A,Headphones,Electronics,1330.07
O5LEFQR8,Laptop,Electronics,363.44
GODPHPND,Monitor,Accessories,1855.11
OFV2IMQJ,Smartphone,Electronics,1628.77
H4VAKWTR,Monitor,Electronics,1654.79
8FK5TZHC,Tablet,Electronics,570.13
9U6FABTW,Laptop,Electronics,1753.98
DXCPSWN0,Keyboard,Accessories,94.2
QIU6T7MO,Tablet,Electronics,320.52
65R0HTFY,Laptop,Electronics,85.25
FFUZINCP,Headphones,Electronics,248.49
1BTVYHYA,Smartphone,Accessories,1052.73
8OBAUH78,Laptop,Accessories,787.56
5U314YOK,Smartphone,Accessories,555.08
M3MQTTJV,Smartphone,Accessories,853.27
6W4WRJ2P,Laptop,Electronics,1557.26
2QRCG7IQ,Headphones,Accessories,497.79
KPFUV976,Smartphone,Electronics,68.07
Z7PTMCEG,Laptop,Electronics,341.9
R9BWHWC5,Laptop,Accessories,1051.06
MZ4C8L22,Monitor,Computers,431.55
YPRA52H6,Tablet,Accessories,1573.95
F9NVOMO5,Smartphone,Computers,1327.88
CIOMB68N,Smartphone,Electronics,1114.5
0RJ4ZJ76,Tablet,Computers,572.06
SML9ACQQ,Monitor,Electronics,1885.51
MPS0OZIL,Headphones,Electronics,1707.78
LNO7NHQL,Keyboard,Accessories,1532.87
D2U03PVK,Laptop,Computers,305.08
U6GLEWGO,Headphones,Electronics,1040.81
LJ8EA9C6,Headphones,Computers,78.11
ND4I0NI5,Tablet,Accessories,1850.26
VWWBWHLP,Laptop,Computers,126.44
YRVETD7W,Keyboard,Electronics,649.79
F244Z1EG,Laptop,Computers,1590.43
N6WE50HM,Laptop,Electronics,1238.73
9DQVNNKN,Monitor,Accessories,1730.03
U064M9IE,Laptop,Electronics,1462.06
NYBSYRLJ,Monitor,Computers,1595.39
3ZMA84QA,Tablet,Computers,139.21
K26CJ26F,Monitor,Computers,570.78
5WGCLV4A,Laptop,Accessories,1849.13
6LGWJ3CC,Monitor,Electronics,138.08
E2A633YU,Tablet,Electronics,653.76
SR078FWD,Smartphone,Computers,1702.92
4RN9W83W,Tablet,Accessories,1347.3
HT01JIZE,Keyboard,Electronics,848.17
YKVMDHNI,Monitor,Accessories,1979.94
EYY2CND7,Keyboard,Electronics,1169.07
C958JP1C,Monitor,Accessories,1909.72
A6BQH1PC,Laptop,Accessories,591.9
QCCAHR92,Tablet,Computers,1237.11
I25ORFTO,Smartphone,Accessories,1009.41
LC26PE5F,Laptop,Electronics,598.26
PS1ZBNVF,Headphones,Accessories,1052.3
29GBCSQK,Keyboard,Electronics,1135.78
CV443PJB,Keyboard,Accessories,354.52
ZW0EFXJF,Keyboard,Accessories,1276.8
KF31CT4Y,Headphones,Computers,1298.17
2QJ2EFOK,Tablet,Accessories,694.19
4561JV1Y,Keyboard,Computers,492.5
4IW0F67S,Monitor,Accessories,1803.22
8K9I1UKA,Monitor,Electronics,1838.85
WU7NLOHK,Headphones,Electronics,1504.53
PFBG968V,Tablet,Computers,386.7
2G25P0TJ,Smartphone,Electronics,1781.89
XVKRYBM5,Headphones,Electronics,1796.49
HJOIUMHA,Tablet,Computers,417.63
2USFML0W,Keyboard,Computers,1483.58
DRZND9D5,Smartphone,Electronics,1665.71
RI32VOWG,Keyboard,Accessories,408.54
YZZQX5US,Headphones,Computers,823.04
E6UUB73K,Laptop,Accessories,141.72
GBJWT9MA,Keyboard,Computers,189.23
0NMGBUBJ,Headphones,Accessories,1543.42
IS198RWQ,Keyboard,Accessories,498.76
6YNOIFK9,Headphones,Accessories,1273.91
X6QZANXG,Laptop,Accessories,1944.98
U7N33BSP,Headphones,Accessories,679.48
NVKYYIJW,Smartphone,Computers,833.08
L4WZ5MCV,Smartphone,Accessories,1669.37
PZLXDMAU,Laptop,Electronics,1025.31
NZG85NKV,Tablet,Accessories,108.46
WRRMLPT4,Smartphone,Accessories,526.96
UJXETX7O,Smartphone,Electronics,1712.16
28SK9NVG,Tablet,Accessories,970.45
49JGYWFF,Headphones,Accessories,1461.43
KW172N4E,Headphones,Electronics,1813.98
KC51NG2W,Smartphone,Accessories,1476.44
FG04OG99,Laptop,Computers,1877.58
3Q4S1NI5,Laptop,Accessories,133.64
9CBKIQNQ,Smartphone,Computers,303.85
97X7LTX4,Smartphone,Electronics,293.09
EV05LBFQ,Tablet,Computers,1782.7
9ABEI4JP,Tablet,Computers,197.19
C169XOS1,Monitor,Accessories,283.19
70T6LWMF,Headphones,Electronics,517.07
XXQMXCDB,Monitor,Electronics,1124.57
QHGLPRGH,Monitor,Computers,1601.37
5B7GBH01,Monitor,Accessories,778.12
9ME1GKGX,Monitor,Computers,245.65
8NUORMR0,Monitor,Electronics,1870.2
GP7XB8IK,Headphones,Electronics,482.44
A36J49LB,Tablet,Electronics,555.3
GP6TQWUO,Headphones,Electronics,1736.14
QTJ70HVT,Laptop,Computers,1430.56
QWXZSWZD,Monitor,Accessories,1938.72
4TBLMLDP,Headphones,Accessories,1825.11
LHOZLYE7,Smartphone,Electronics,308.8
0G3JU5MV,Headphones,Accessories,695.3
2N5OIA7K,Keyboard,Computers,194.67
H14KEEFY,Keyboard,Accessories,215.67
VRJ8PYT5,Headphones,Electronics,1760.21
WNEY59RC,Tablet,Electronics,1070.47
P3CO537V,Tablet,Computers,407.86
D3POFECJ,Headphones,Electronics,1102.73
JFSK0D14,Laptop,Accessories,1595.28
T3IC4M83,Headphones,Computers,1226.4
9COGSAUM,Monitor,Electronics,1531.72
OB3Y6OY2,Tablet,Electronics,1909.66
TQYM7DVQ,Tablet,Computers,1757.02
OJ20PX2E,Headphones,Electronics,728.89
2D6QUMXA,Keyboard,Computers,1083.0
H37O501G,Smartphone,Accessories,1559.96
VWJ2A1D7,Tablet,Accessories,724.6
I017H10A,Tablet,Accessories,1418.62
I4UQ8A1W,Laptop,Computers,1876.63
J38ILYNH,Keyboard,Computers,769.95
ORS4OG7X,Laptop,Computers,858.24
1QK03YEF,Monitor,Accessories,1873.01
TV1YT98B,Tablet,Electronics,1793.52
5DX5JJKH,Keyboard,Accessories,982.28
W87L6G56,Smartphone,Accessories,404.21
MBPXVFDO,Tablet,Electronics,807.53
2X5KZID4,Keyboard,Accessories,887.43
ECIL1QUS,Laptop,Electronics,1013.5
DY6R8YWX,Laptop,Electronics,685.36
YQH26RXG,Headphones,Computers,1303.52
EZTPNIO2,Keyboard,Electronics,618.27
07V5CY7V,Tablet,Computers,1663.7
9NQFOBN3,Keyboard,Electronics,1504.33
W2ECO7XI,Monitor,Computers,246.58
Z4YM9GLZ,Smartphone,Accessories,852.37
7LVTIXDP,Keyboard,Electronics,712.41
GMIB9LQB,Laptop,Accessories,545.81
7F1N4VWX,Monitor,Electronics,1700.7
5V2RNJYY,Monitor,Accessories,1725.08
5Z411G3O,Smartphone,Accessories,802.84
KTHWEIG0,Smartphone,Accessories,392.07
RYIW04UA,Keyboard,Electronics,333.69
A6ZPRV3Z,Smartphone,Computers,1380.63
54NJLXIE,Laptop,Computers,1163.03
PVYOMAP7,Tablet,Computers,761.98
SLN73186,Monitor,Accessories,1620.3
47JGC6T0,Smartphone,Accessories,215.43
IUHRQ3FA,Headphones,Accessories,1844.3
W3FZM1P8,Keyboard,Accessories,1157.28
JWPEVDAZ,Tablet,Computers,716.19
11CHJSLJ,Smartphone,Electronics,124.32
UTPVUPG3,Smartphone,Electronics,987.24
IU7DKQGF,Monitor,Accessories,1995.34
2SDAJ9VR,Keyboard,Accessories,77.64
YUSR5TJH,Monitor,Accessories,658.74
YGWIMO9G,Keyboard,Computers,461.8
SMAF9BFP,Tablet,Accessories,236.95
UZVP5F4L,Laptop,Accessories,249.45
PFT0U52F,Keyboard,Computers,1625.91
GE5WGCBX,Headphones,Computers,1127.18
4Z2UHPHZ,Smartphone,Computers,1094.17
9GD16Q0K,Headphones,Computers,1989.2
68S9B9LF,Headphones,Electronics,355.4
0TX46LSG,Keyboard,Computers,817.59
M47GMLAA,Monitor,Electronics,1981.09
888C79FH,Monitor,Accessories,1211.49
85TQTWMY,Monitor,Accessories,1423.35
0SRQX59O,Headphones,Accessories,289.6
15HHNE8R,Tablet,Computers,557.31
199ZXTYI,Laptop,Accessories,882.29
IBA1JZ70,Keyboard,Electronics,1756.96
KRB6B2X8,Keyboard,Computers,1167.0
W4PRM058,Keyboard,Computers,84.56
QDZUOJQG,Monitor,Accessories,1059.2
NC9KN6X3,Monitor,Electronics,1599.4
IAMB05VZ,Smartphone,Computers,842.26
AMSXPARO,Keyboard,Electronics,598.95
JJH6G8B4,Tablet,Accessories,1541.48
IL1AKV79,Smartphone,Computers,339.91
RGH4LR7J,Keyboard,Accessories,1600.32
WFFION9H,Headphones,Accessories,469.22
FS2C3994,Laptop,Electronics,587.54
F2U1YAUV,Smartphone,Accessories,1502.86
FSOI406H,Monitor,Accessories,689.6
ZBR307RN,Keyboard,Electronics,1480.76
RYVVQN1Y,Monitor,Electronics,229.57
RX58QWSO,Keyboard,Accessories,1302.56
7SURH50J,Keyboard,Electronics,1755.05
OPFV2LO2,Headphones,Computers,328.4
C1EN9Q9E,Laptop,Accessories,965.81
ALX6F8NB,Smartphone,Computers,51.31
C8NMI5J6,Laptop,Electronics,1712.76
6MLXNWNH,Keyboard,Accessories,1949.99
ZK2Y6S6G,Headphones,Computers,1307.7
GSS1HO69,Smartphone,Computers,237.46
1NY2M7HU,Keyboard,Computers,1788.96
KZNKT01Z,Keyboard,Electronics,240.45
4C9B9496,Laptop,Electronics,241.38
W0L9XQKJ,Headphones,Accessories,588.54
7WSOXT0D,Tablet,Accessories,291.3
915DQHAZ,Laptop,Electronics,1818.82
SIIZFRVV,Headphones,Accessories,144.6
6E6RH8CI,Monitor,Accessories,461.99
285ALEYP,Keyboard,Accessories,1905.43
COSXMGS0,Keyboard,Electronics,386.89
GARPR5PB,Headphones,Computers,1657.5
NEYIC7Y5,Tablet,Computers,1140.31
TZJQN4YP,Monitor,Accessories,1580.5
78HV0H8W,Smartphone,Accessories,683.07
QLBNXBE6,Laptop,Computers,1607.58
KWDPYTHT,Tablet,Accessories,149.79
ZGA3NEKF,Laptop,Computers,1141.14
4RZS612A,Smartphone,Electronics,1664.21
NYYX0L7Z,Monitor,Accessories,207.72
XS7WQUWY,Smartphone,Electronics,588.37
XP8GG6DJ,Monitor,Computers,1315.84
RCXKB13H,Headphones,Electronics,641.41
NTKQNAHA,Laptop,Computers,1532.41
JV97TZNJ,Monitor,Electronics,160.89
MZ156C2H,Keyboard,Electronics,1077.67
R5B7NP9R,Laptop,Computers,1341.67
KJOSIEA0,Tablet,Computers,884.74
7A3KS50C,Tablet,Accessories,713.37
4NRACSDL,Monitor,Computers,325.69
L8NE0BGV,Laptop,Electronics,1705.5
XFEJKIIO,Laptop,Accessories,1782.95
MF9DPAAE,Headphones,Accessories,934.61
CI25CF8L,Monitor,Electronics,709.59
S6VTJ5D7,Keyboard,Accessories,213.64
49UA27R6,Headphones,Electronics,286.66
2YHNBDU3,Laptop,Computers,992.56
G27WDWO6,Smartphone,Accessories,142.11
5DWNY8WF,Headphones,Computers,1945.09
BNEI91FW,Headphones,Computers,592.53
U0HE5GP9,Laptop,Electronics,981.12
LO6233YY,Laptop,Electronics,816.44
OCRIDGN1,Monitor,Computers,940.97
XBNV369J,Monitor,Accessories,507.39
FON93OOL,Headphones,Computers,953.57
5RRYTMCK,Keyboard,Computers,616.86
OR6FOGOM,Monitor,Computers,1932.98
9WC55XBD,Smartphone,Accessories,452.52
DE7TNS32,Monitor,Computers,1572.16
UR1I5ZWQ,Keyboard,Accessories,1168.34
HSDMF1K1,Monitor,Accessories,1230.33
W24S3Z87,Headphones,Computers,876.05
XILFRO99,Headphones,Computers,765.56
5AJ885LP,Keyboard,Computers,882.88
TKU164LQ,Headphones,Electronics,1241.19
UL7CU613,Headphones,Electronics,1677.42
PU5YH47A,Monitor,Electronics,1884.47
D939M7UI,Smartphone,Electronics,1741.88
2U0L85LB,Monitor,Accessories,914.2
OJ71PK0K,Tablet,Accessories,319.6
XH8AYHDG,Tablet,Electronics,1775.2
W8PXJ2TX,Headphones,Electronics,330.6
52AHKP4V,Tablet,Computers,1344.48
SFMTE2J6,Keyboard,Electronics,133.37
ZI7Y12B5,Smartphone,Accessories,1107.19
ABDDS9HQ,Monitor,Electronics,1823.98
4BC4QOQE,Laptop,Computers,1717.83
888SURFS,Tablet,Electronics,1317.66
WV7JRQ67,Keyboard,Electronics,1332.1
SPUHZ2AS,Tablet,Electronics,1492.6
GJ2P676T,Keyboard,Accessories,1017.77
9GTJD61S,Tablet,Computers,468.07
WL8VNU50,Tablet,Electronics,1591.48
TENKLAQW,Laptop,Electronics,546.28
FSL8CAOY,Keyboard,Accessories,919.25
7PDJAPL1,Laptop,Electronics,1252.86
CAY5RZJV,Headphones,Computers,311.7
S5WKTGDA,Laptop,Computers,1664.05
NP70W51U,Tablet,Electronics,529.99
6BMVRQTC,Smartphone,Accessories,1059.37
LRXMUMWZ,Tablet,Accessories,1459.63
GWNBWGN3,Smartphone,Accessories,293.27
B3BO4UTV,Keyboard,Computers,839.68
BC3506C7,Monitor,Accessories,1051.29
FOW3A7C1,Tablet,Electronics,1689.39
W1KM1Z58,Laptop,Electronics,1777.78
3R9P74RT,Laptop,Computers,1092.54
SM2XM76W,Smartphone,Electronics,1532.47
4GDDNI72,Headphones,Accessories,1265.99
HVK1OCYW,Keyboard,Computers,538.21
EYA0PFMG,Keyboard,Accessories,514.73
RFSJTE1W,Tablet,Accessories,714.02
MLJ456P5,Headphones,Electronics,1112.26
5HKV57CP,Keyboard,Electronics,1452.91
2O7G17FO,Keyboard,Accessories,1998.42
Z2HO29D9,Monitor,Accessories,1813.68
D9CAO8EA,Tablet,Electronics,1462.79
R2DJSE3N,Keyboard,Computers,1160.42
Z1NUJM02,Smartphone,Electronics,1414.7
6MU2QK2X,Smartphone,Accessories,277.43
JV4X98A8,Monitor,Accessories,1353.26
CRSFVXUB,Smartphone,Computers,318.01
ZTGUSNZR,Monitor,Accessories,365.93
5NYJWI57,Headphones,Computers,433.95
B63N7TJF,Headphones,Computers,1908.14
L7D4UMAJ,Laptop,Accessories,1391.7
R39B89AH,Monitor,Electronics,1461.55
E2XELZUA,Laptop,Computers,233.25
6XPQ33FX,Laptop,Accessories,1538.98
2TU5FGVO,Keyboard,Computers,890.16
G4JKTKTM,Monitor,Accessories,569.66
PR4HC6F2,Tablet,Computers,583.37
RJD6WTL5,Smartphone,Computers,1044.06
RCG7D9FZ,Tablet,Computers,1655.81
S488NO3R,Laptop,Computers,365.85
IKL7EQS4,Smartphone,Accessories,1292.68
7Q5GJOHA,Headphones,Accessories,1490.9
AM7OOI5Z,Keyboard,Electronics,1914.04
BTQ4EIV3,Keyboard,Computers,582.28
GCAG5IH1,Keyboard,Accessories,1156.44
V6M5INWA,Monitor,Electronics,104.24
P2FFJAJG,Laptop,Computers,415.86
QIUS6LHV,Monitor,Accessories,1042.2
4O5THUBU,Monitor,Computers,694.12
8PLX84XZ,Tablet,Electronics,1281.3
SCFGHVTP,Smartphone,Computers,882.84
OEBCCRZ3,Smartphone,Accessories,1034.4
RBTG6993,Tablet,Computers,590.61
RKHOMTHZ,Tablet,Electronics,400.42
Y8M6PHD6,Headphones,Electronics,980.68
OWVBYNHA,Monitor,Computers,1427.52
N1KBBDXW,Monitor,Electronics,489.72
BAOJFVFG,Smartphone,Electronics,963.99
164CS5ZH,Headphones,Computers,1857.08
MRTPY5NP,Tablet,Electronics,1624.45
LX82BFM4,Laptop,Accessories,1064.73
JEWLM1F3,Keyboard,Computers,1630.73
13GTMZNG,Monitor,Computers,1274.01
CT4LOPCB,Headphones,Accessories,1745.8
UY69V33M,Smartphone,Computers,898.0
BDXN3CTJ,Smartphone,Computers,190.24
ML3N4U7F,Monitor,Electronics,165.57
RDO2PXKG,Tablet,Electronics,1586.31
1MSK4QUD,Keyboard,Computers,1812.36
ZY4WY8H5,Headphones,Computers,75.02
P0ZR64HL,Smartphone,Electronics,1053.89
TP458GRG,Smartphone,Electronics,345.66
7SPL3Y0Z,Monitor,Electronics,1402.29
PO4I1LZR,Smartphone,Computers,345.83
UG9JP271,Smartphone,Computers,461.75
GIPLI81R,Monitor,Computers,1412.98
6K5I9ZN7,Tablet,Computers,1558.78
RMINOUY9,Monitor,Accessories,323.45
Y3V5PSJL,Smartphone,Accessories,1824.2
GZRUXC88,Keyboard,Computers,1813.64
REVORP01,Tablet,Electronics,792.83
LXD0G88A,Tablet,Computers,1735.62
PF3JC5ZA,Laptop,Computers,267.17
1XKLAA55,Monitor,Accessories,1389.34
H0FWN93K,Tablet,Computers,1826.78
NZH5K4JW,Headphones,Electronics,1352.2
8XZJ8KIC,Laptop,Computers,698.77
RO6RBTY4,Tablet,Computers,448.27
EAXSHH0R,Tablet,Accessories,58.9
NFDVSKDL,Smartphone,Accessories,997.67
G8H32IFX,Laptop,Computers,1524.37
FO38EG29,Laptop,Accessories,645.58
N2YFHWR2,Laptop,Electronics,1757.09
ACLF37KX,Headphones,Computers,680.75
HRCMO40J,Keyboard,Electronics,567.65
A265S73T,Laptop,Computers,66.34
6DJ8S1TH,Keyboard,Computers,746.22
RYI5ONNE,Headphones,Computers,1146.82
T9PI2R58,Keyboard,Electronics,1481.41
HCUI9MEA,Keyboard,Electronics,111.67
UBD9G6AW,Monitor,Accessories,489.56
6C5M40S7,Laptop,Electronics,826.85
L6U98FIV,Tablet,Computers,89.28
YJX428EG,Tablet,Computers,1860.04
59KDGNR1,Laptop,Electronics,1322.01
TJY02SHB,Smartphone,Computers,1184.44
3TPSMMBO,Laptop,Accessories,1039.64
3K2RB8FG,Headphones,Computers,254.01
NP6HHF8W,Headphones,Accessories,1798.76
2M2IM7LT,Keyboard,Electronics,1629.76
N74Y1WON,Monitor,Electronics,104.59
UD7M5XXZ,Headphones,Electronics,1130.88
88AHYWT7,Keyboard,Electronics,623.55
WCB3877D,Tablet,Accessories,885.5
PUJKQJ14,Keyboard,Computers,312.02
YOW5UDI9,Smartphone,Electronics,310.07
Q7ELNW8Y,Tablet,Accessories,117.15
O8O6IP87,Keyboard,Computers,968.3
Z0ORBOPR,Headphones,Computers,1766.01
1YY7L1AK,Keyboard,Computers,1023.73
9CBML6A4,Monitor,Computers,304.34
2RESKD3N,Tablet,Electronics,1581.37
2A62RF5N,Smartphone,Computers,1027.76
7JQC5DOE,Laptop,Electronics,1474.53
ML61JJHZ,Monitor,Electronics,392.38
MCU1MLEB,Laptop,Electronics,871.07
CHUNV9WE,Tablet,Computers,1004.21
6PZH7NG3,Laptop,Computers,1796.17
7Q9NWKLJ,Smartphone,Computers,938.55
NVT8S4NZ,Tablet,Computers,1579.97
HXJXJKYF,Keyboard,Computers,1485.15
BN6J4UO3,Laptop,Accessories,758.98
BTWQOA9Y,Headphones,Electronics,1800.88
5HTE6VOA,Keyboard,Electronics,1282.87
LBJVJUI6,Headphones,Accessories,729.89
18NTB8BJ,Keyboard,Electronics,102.16
P3BBHPCS,Smartphone,Accessories,530.25
OANML1R3,Smartphone,Computers,861.06
DMOH2EYL,Keyboard,Computers,245.04
KYAP371T,Laptop,Accessories,486.26
P9G2ERJ6,Monitor,Accessories,1845.84
UYXIGDT2,Keyboard,Accessories,1731.66
YVOIBCAR,Laptop,Electronics,741.73
AETUBCZQ,Monitor,Accessories,1392.43
9YPK4XKL,Monitor,Accessories,432.07
KUAVPW4W,Laptop,Electronics,457.84
22WBRAC3,Tablet,Computers,1854.15
96X04X6G,Smartphone,Accessories,1778.59
IAWMO4VC,Monitor,Electronics,1265.51
H7YS1HTS,Tablet,Electronics,497.54
KGHEQ7QZ,Smartphone,Electronics,696.12
WLDBKS1H,Laptop,Electronics,1829.96
5P7DVRC8,Headphones,Computers,827.22
G1JMGEQU,Tablet,Accessories,118.9
M4VSZWDV,Smartphone,Computers,727.92
SU7KGB4Q,Headphones,Computers,377.27
M8OM076F,Headphones,Accessories,385.84
869JG77D,Headphones,Computers,1208.63
XLMRSRTG,Keyboard,Electronics,1058.82
CRBAHD51,Monitor,Accessories,1533.57
5MVS1AWS,Tablet,Accessories,471.4
FZL6JUUO,Tablet,Electronics,169.1
FJHPEKZK,Laptop,Computers,1751.65
E7F6MJVV,Laptop,Computers,950.89
CSC6C25W,Headphones,Accessories,637.63
KH78FW9Q,Tablet,Computers,1359.24
9C6R7OTY,Tablet,Computers,695.02
O51LB315,Smartphone,Accessories,458.14
KYIKIZQ6,Headphones,Electronics,401.98
KL50BI9W,Smartphone,Accessories,1966.73
R7IMMW2C,Tablet,Accessories,1361.18
U71R0Q23,Monitor,Accessories,1147.09
S21FRGHU,Monitor,Electronics,853.05
Z5K340Q8,Laptop,Electronics,606.04
U4XNQXGX,Smartphone,Electronics,964.54
1DDP66CK,Smartphone,Computers,118.57
E5IMXYHC,Laptop,Accessories,1762.05
ZJNERA5Z,Keyboard,Computers,1154.61
VRBM8913,Smartphone,Accessories,591.84
E94T5O0T,Headphones,Electronics,954.69
6923IO5A,Tablet,Electronics,1158.88
LJVP5YQN,Laptop,Accessories,254.53
2E52CM7J,Monitor,Accessories,365.84
G3667VU8,Monitor,Computers,1852.48
N3X95DGZ,Tablet,Accessories,1449.84
RFZMM8R8,Monitor,Accessories,80.98
GNCWBFUI,Smartphone,Accessories,918.59
EFLZOZFF,Keyboard,Computers,1971.83
GKMSMD0A,Smartphone,Computers,1630.94
SL5KQM2R,Monitor,Accessories,1185.89
4CUN9RV4,Laptop,Computers,118.42
ZAQYP8KG,Laptop,Accessories,618.71
ZDJFM4PE,Laptop,Electronics,1085.98
H56AO68B,Keyboard,Accessories,1040.22
J9NNV3HM,Smartphone,Computers,720.25
USV9176Z,Headphones,Electronics,238.77
CT5QVHOX,Laptop,Computers,1748.44
AODAPJNU,Smartphone,Electronics,1549.71
K8DK2M8Y,Laptop,Computers,774.83
6B2C1EO2,Tablet,Accessories,533.82
QJ0QQFRR,Headphones,Computers,804.23
IC2OEQIK,Monitor,Electronics,1290.37
4PAZ9ER9,Keyboard,Computers,1578.45
VI2UT1NI,Monitor,Electronics,1982.5
P3DMCVJF,Headphones,Accessories,1573.09
0OY180AV,Smartphone,Computers,428.63
BCUTJOIW,Keyboard,Electronics,1294.74
EW138ZX4,Monitor,Electronics,524.53
4YLZYAV8,Keyboard,Computers,209.63
H6VS56O7,Keyboard,Computers,948.57
HCAVY03I,Headphones,Accessories,623.94
I1DX8H5R,Laptop,Computers,361.85
J1A3U51U,Smartphone,Electronics,349.44
7FQJ7SVC,Smartphone,Electronics,418.74
92D9EZBZ,Headphones,Electronics,122.35
5KAJ258F,Laptop,Accessories,1584.91
M51BGCJ3,Laptop,Electronics,1871.68
SNSJHHKE,Headphones,Electronics,1617.5
94XATSEA,Headphones,Computers,1177.79
H2EJTP3M,Keyboard,Electronics,400.93
6H055FQ5,Smartphone,Electronics,975.93
SPPR46YL,Headphones,Computers,860.9
8UIRCN1C,Keyboard,Accessories,407.13
8SA9JPPG,Smartphone,Accessories,1137.99
V9ZI9O43,Smartphone,Electronics,546.08
8YJXNYH2,Monitor,Electronics,367.87
N28EKQUB,Keyboard,Electronics,1984.99
4JR79LY8,Smartphone,Electronics,1615.73
TWXIEEMP,Keyboard,Computers,140.82
QQIHQ2V8,Headphones,Computers,124.65
FVQX0S3S,Monitor,Accessories,472.21
SHD6UXCK,Monitor,Computers,1746.93
NS3SFRT5,Headphones,Accessories,1994.69
B4U4K6UB,Smartphone,Accessories,1110.92
RYZALAS2,Laptop,Computers,647.79
T7HQ3WU6,Smartphone,Accessories,79.66
S5DA0CZ9,Tablet,Accessories,171.86
